npm warn Unknown project config "allow-build-scripts". This will stop working in the next major version of npm.
-------------
Version mismatch:
Extra packages with wrong versions:
  - zod: installed 4.3.6, required 3.22.3
    See: https://www.remotion.dev/docs/schemas#prerequisites

You may experience breakages such as:
- React context and hooks not working
- Type errors and feature incompatibilities
- Failed renders and unclear errors

To resolve:
- Make sure your package.json has all Remotion packages pointing to the same version.
- Remove the `^` character in front of a version to pin a package.
- For zod, install exact version 3.22.3 (run: npx remotion add zod).
- Run `npx remotion versions --log=verbose` to see the path of the modules resolved.
-------------

Remotion root directory: /Users/sashimi/Documents/moltbot-main
No config file loaded.
Checking if remotion/index.ts is the entry file
Entry point = /Users/sashimi/Documents/moltbot-main/remotion/index.ts (argument passed - found in cwd)
Ensuring browser executable
Ensured browser is available.
[openBrowser()] Opening browser: gl = null, executable = /Users/sashimi/Documents/moltbot-main/node_modules/.remotion/chrome-headless-shell/mac-arm64/chrome-headless-shell-mac-arm64/chrome-headless-shell, enableMultiProcessOnLinux = true
Bundling 6%
Bundling 24%
Bundling 38%
Bundling 51%
Bundling 65%
Bundling 71%
Bundling 76%
Bundling 81%
Bundling 87%
Bundling 92%
Bundling 98%
Bundling 100%
Bundling done in 2668ms
Copying done in 0ms
Getting composition
Bundled under /var/folders/r5/gbjrdpg95k79_t30dgf9stk40000gn/T/remotion-webpack-bundle-KaK0WJ
⚡️ Cached bundle. Subsequent renders will be faster.
Created directory for temporary files /var/folders/r5/gbjrdpg95k79_t30dgf9stk40000gn/T/remotion-v4.0.410-assetsemyucrlp2u
[compositor] Starting Rust process. Max video cache size: 1616MB, max threads = 2
[Tab 0, node_modules/.pnpm/@remotion+google-fonts@4.0.410_react-dom@19.2.4_react@19.2.4__react@19.2.4/node_modules/@remotion/google-fonts/dist/esm/Inter.mjs:95] Made 63 network requests to load fonts for Inter. Consider loading fewer weights and subsets by passing options to loadFont(). Disable this warning by passing "ignoreTooManyRequestsWarning: true" to "options".
[Tab 0, node_modules/.pnpm/@remotion+google-fonts@4.0.410_react-dom@19.2.4_react@19.2.4__react@19.2.4/node_modules/@remotion/google-fonts/dist/esm/Inter.mjs:95] Made 126 network requests to load fonts for Inter. Consider loading fewer weights and subsets by passing options to loadFont(). Disable this warning by passing "ignoreTooManyRequestsWarning: true" to "options".
[Tab 0, delayRender()] "Loading root component - See https://remotion.dev/docs/troubleshooting/loading-root-component if you experience a timeout" handle was cleared after 0ms
[Tab 0, delayRender()] "Fetching Inter font {"style":"italic","weight":"700","subset":"greek-ext"}. This might be caused by loading too many font variations. Read more: https://www.remotion.dev/docs/troubleshooting/font-loading-errors#render-timeout-when-loading-google-fonts" handle was cleared after 122ms
[Tab 0, delayRender()] "Fetching Inter font {"style":"italic","weight":"800","subset":"greek-ext"}. This might be caused by loading too many font variations. Read more: https://www.remotion.dev/docs/troubleshooting/font-loading-errors#render-timeout-when-loading-google-fonts" handle was cleared after 121ms
[Tab 0, delayRender()] "Fetching Inter font {"style":"italic","weight":"100","subset":"greek-ext"}. This might be caused by loading too many font variations. Read more: https://www.remotion.dev/docs/troubleshooting/font-loading-errors#render-timeout-when-loading-google-fonts" handle was cleared after 123ms
[Tab 0, delayRender()] "Fetching Inter font {"style":"italic","weight":"600","subset":"greek-ext"}. This might be caused by loading too many font variations. Read more: https://www.remotion.dev/docs/troubleshooting/font-loading-errors#render-timeout-when-loading-google-fonts" handle was cleared after 123ms
[Tab 0, delayRender()] "Fetching Inter font {"style":"italic","weight":"500","subset":"greek-ext"}. This might be caused by loading too many font variations. Read more: https://www.remotion.dev/docs/troubleshooting/font-loading-errors#render-timeout-when-loading-google-fonts" handle was cleared after 123ms
[Tab 0, delayRender()] "Fetching Inter font {"style":"italic","weight":"300","subset":"greek-ext"}. This might be caused by loading too many font variations. Read more: https://www.remotion.dev/docs/troubleshooting/font-loading-errors#render-timeout-when-loading-google-fonts" handle was cleared after 124ms
[Tab 0, delayRender()] "Fetching Inter font {"style":"italic","weight":"200","subset":"greek-ext"}. This might be caused by loading too many font variations. Read more: https://www.remotion.dev/docs/troubleshooting/font-loading-errors#render-timeout-when-loading-google-fonts" handle was cleared after 124ms
[Tab 0, delayRender()] "Fetching Inter font {"style":"italic","weight":"900","subset":"greek-ext"}. This might be caused by loading too many font variations. Read more: https://www.remotion.dev/docs/troubleshooting/font-loading-errors#render-timeout-when-loading-google-fonts" handle was cleared after 122ms
[Tab 0, delayRender()] "Fetching Inter font {"style":"italic","weight":"400","subset":"greek-ext"}. This might be caused by loading too many font variations. Read more: https://www.remotion.dev/docs/troubleshooting/font-loading-errors#render-timeout-when-loading-google-fonts" handle was cleared after 123ms
[Tab 0, delayRender()] "Fetching Inter font {"style":"normal","weight":"100","subset":"greek-ext"}. This might be caused by loading too many font variations. Read more: https://www.remotion.dev/docs/troubleshooting/font-loading-errors#render-timeout-when-loading-google-fonts" handle was cleared after 121ms
[Tab 0, delayRender()] "Fetching Inter font {"style":"normal","weight":"500","subset":"greek-ext"}. This might be caused by loading too many font variations. Read more: https://www.remotion.dev/docs/troubleshooting/font-loading-errors#render-timeout-when-loading-google-fonts" handle was cleared after 116ms
[Tab 0, delayRender()] "Fetching Inter font {"style":"normal","weight":"700","subset":"greek-ext"}. This might be caused by loading too many font variations. Read more: https://www.remotion.dev/docs/troubleshooting/font-loading-errors#render-timeout-when-loading-google-fonts" handle was cleared after 116ms
[Tab 0, delayRender()] "Fetching Inter font {"style":"normal","weight":"800","subset":"greek-ext"}. This might be caused by loading too many font variations. Read more: https://www.remotion.dev/docs/troubleshooting/font-loading-errors#render-timeout-when-loading-google-fonts" handle was cleared after 116ms
[Tab 0, delayRender()] "Fetching Inter font {"style":"normal","weight":"300","subset":"greek-ext"}. This might be caused by loading too many font variations. Read more: https://www.remotion.dev/docs/troubleshooting/font-loading-errors#render-timeout-when-loading-google-fonts" handle was cleared after 120ms
[Tab 0, delayRender()] "Fetching Inter font {"style":"normal","weight":"900","subset":"greek-ext"}. This might be caused by loading too many font variations. Read more: https://www.remotion.dev/docs/troubleshooting/font-loading-errors#render-timeout-when-loading-google-fonts" handle was cleared after 116ms
[Tab 0, delayRender()] "Fetching Inter font {"style":"normal","weight":"400","subset":"greek-ext"}. This might be caused by loading too many font variations. Read more: https://www.remotion.dev/docs/troubleshooting/font-loading-errors#render-timeout-when-loading-google-fonts" handle was cleared after 117ms
[Tab 0, delayRender()] "Fetching Inter font {"style":"normal","weight":"600","subset":"greek-ext"}. This might be caused by loading too many font variations. Read more: https://www.remotion.dev/docs/troubleshooting/font-loading-errors#render-timeout-when-loading-google-fonts" handle was cleared after 116ms
[Tab 0, delayRender()] "Fetching Inter font {"style":"normal","weight":"200","subset":"greek-ext"}. This might be caused by loading too many font variations. Read more: https://www.remotion.dev/docs/troubleshooting/font-loading-errors#render-timeout-when-loading-google-fonts" handle was cleared after 121ms
[Tab 0, delayRender()] "Fetching Inter font {"style":"italic","weight":"100","subset":"vietnamese"}. This might be caused by loading too many font variations. Read more: https://www.remotion.dev/docs/troubleshooting/font-loading-errors#render-timeout-when-loading-google-fonts" handle was cleared after 127ms
[Tab 0, delayRender()] "Fetching Inter font {"style":"italic","weight":"700","subset":"vietnamese"}. This might be caused by loading too many font variations. Read more: https://www.remotion.dev/docs/troubleshooting/font-loading-errors#render-timeout-when-loading-google-fonts" handle was cleared after 126ms
[Tab 0, delayRender()] "Fetching Inter font {"style":"italic","weight":"200","subset":"vietnamese"}. This might be caused by loading too many font variations. Read more: https://www.remotion.dev/docs/troubleshooting/font-loading-errors#render-timeout-when-loading-google-fonts" handle was cleared after 127ms
[Tab 0, delayRender()] "Fetching Inter font {"style":"italic","weight":"900","subset":"vietnamese"}. This might be caused by loading too many font variations. Read more: https://www.remotion.dev/docs/troubleshooting/font-loading-errors#render-timeout-when-loading-google-fonts" handle was cleared after 125ms
[Tab 0, delayRender()] "Fetching Inter font {"style":"italic","weight":"600","subset":"vietnamese"}. This might be caused by loading too many font variations. Read more: https://www.remotion.dev/docs/troubleshooting/font-loading-errors#render-timeout-when-loading-google-fonts" handle was cleared after 126ms
[Tab 0, delayRender()] "Fetching Inter font {"style":"italic","weight":"400","subset":"vietnamese"}. This might be caused by loading too many font variations. Read more: https://www.remotion.dev/docs/troubleshooting/font-loading-errors#render-timeout-when-loading-google-fonts" handle was cleared after 126ms
[Tab 0, delayRender()] "Fetching Inter font {"style":"italic","weight":"500","subset":"vietnamese"}. This might be caused by loading too many font variations. Read more: https://www.remotion.dev/docs/troubleshooting/font-loading-errors#render-timeout-when-loading-google-fonts" handle was cleared after 126ms
[Tab 0, delayRender()] "Fetching Inter font {"style":"italic","weight":"300","subset":"vietnamese"}. This might be caused by loading too many font variations. Read more: https://www.remotion.dev/docs/troubleshooting/font-loading-errors#render-timeout-when-loading-google-fonts" handle was cleared after 127ms
[Tab 0, delayRender()] "Fetching Inter font {"style":"italic","weight":"800","subset":"vietnamese"}. This might be caused by loading too many font variations. Read more: https://www.remotion.dev/docs/troubleshooting/font-loading-errors#render-timeout-when-loading-google-fonts" handle was cleared after 125ms
[Tab 0, delayRender()] "Fetching Inter font {"style":"italic","weight":"100","subset":"greek"}. This might be caused by loading too many font variations. Read more: https://www.remotion.dev/docs/troubleshooting/font-loading-errors#render-timeout-when-loading-google-fonts" handle was cleared after 133ms
[Tab 0, delayRender()] "Fetching Inter font {"style":"italic","weight":"600","subset":"greek"}. This might be caused by loading too many font variations. Read more: https://www.remotion.dev/docs/troubleshooting/font-loading-errors#render-timeout-when-loading-google-fonts" handle was cleared after 132ms
[Tab 0, delayRender()] "Fetching Inter font {"style":"italic","weight":"900","subset":"greek"}. This might be caused by loading too many font variations. Read more: https://www.remotion.dev/docs/troubleshooting/font-loading-errors#render-timeout-when-loading-google-fonts" handle was cleared after 131ms
[Tab 0, delayRender()] "Fetching Inter font {"style":"italic","weight":"500","subset":"greek"}. This might be caused by loading too many font variations. Read more: https://www.remotion.dev/docs/troubleshooting/font-loading-errors#render-timeout-when-loading-google-fonts" handle was cleared after 132ms
[Tab 0, delayRender()] "Fetching Inter font {"style":"italic","weight":"200","subset":"greek"}. This might be caused by loading too many font variations. Read more: https://www.remotion.dev/docs/troubleshooting/font-loading-errors#render-timeout-when-loading-google-fonts" handle was cleared after 133ms
[Tab 0, delayRender()] "Fetching Inter font {"style":"italic","weight":"800","subset":"greek"}. This might be caused by loading too many font variations. Read more: https://www.remotion.dev/docs/troubleshooting/font-loading-errors#render-timeout-when-loading-google-fonts" handle was cleared after 131ms
[Tab 0, delayRender()] "Fetching Inter font {"style":"italic","weight":"700","subset":"greek"}. This might be caused by loading too many font variations. Read more: https://www.remotion.dev/docs/troubleshooting/font-loading-errors#render-timeout-when-loading-google-fonts" handle was cleared after 132ms
[Tab 0, delayRender()] "Fetching Inter font {"style":"italic","weight":"300","subset":"greek"}. This might be caused by loading too many font variations. Read more: https://www.remotion.dev/docs/troubleshooting/font-loading-errors#render-timeout-when-loading-google-fonts" handle was cleared after 133ms
[Tab 0, delayRender()] "Fetching Inter font {"style":"italic","weight":"400","subset":"greek"}. This might be caused by loading too many font variations. Read more: https://www.remotion.dev/docs/troubleshooting/font-loading-errors#render-timeout-when-loading-google-fonts" handle was cleared after 132ms
[Tab 0, delayRender()] "Fetching Inter font {"style":"italic","weight":"600","subset":"cyrillic-ext"}. This might be caused by loading too many font variations. Read more: https://www.remotion.dev/docs/troubleshooting/font-loading-errors#render-timeout-when-loading-google-fonts" handle was cleared after 134ms
[Tab 0, delayRender()] "Fetching Inter font {"style":"italic","weight":"700","subset":"cyrillic-ext"}. This might be caused by loading too many font variations. Read more: https://www.remotion.dev/docs/troubleshooting/font-loading-errors#render-timeout-when-loading-google-fonts" handle was cleared after 134ms
[Tab 0, delayRender()] "Fetching Inter font {"style":"italic","weight":"400","subset":"cyrillic-ext"}. This might be caused by loading too many font variations. Read more: https://www.remotion.dev/docs/troubleshooting/font-loading-errors#render-timeout-when-loading-google-fonts" handle was cleared after 134ms
[Tab 0, delayRender()] "Fetching Inter font {"style":"italic","weight":"300","subset":"cyrillic-ext"}. This might be caused by loading too many font variations. Read more: https://www.remotion.dev/docs/troubleshooting/font-loading-errors#render-timeout-when-loading-google-fonts" handle was cleared after 135ms
[Tab 0, delayRender()] "Fetching Inter font {"style":"italic","weight":"500","subset":"cyrillic-ext"}. This might be caused by loading too many font variations. Read more: https://www.remotion.dev/docs/troubleshooting/font-loading-errors#render-timeout-when-loading-google-fonts" handle was cleared after 134ms
[Tab 0, delayRender()] "Fetching Inter font {"style":"italic","weight":"200","subset":"cyrillic-ext"}. This might be caused by loading too many font variations. Read more: https://www.remotion.dev/docs/troubleshooting/font-loading-errors#render-timeout-when-loading-google-fonts" handle was cleared after 135ms
[Tab 0, delayRender()] "Fetching Inter font {"style":"italic","weight":"800","subset":"cyrillic-ext"}. This might be caused by loading too many font variations. Read more: https://www.remotion.dev/docs/troubleshooting/font-loading-errors#render-timeout-when-loading-google-fonts" handle was cleared after 133ms
[Tab 0, delayRender()] "Fetching Inter font {"style":"italic","weight":"100","subset":"cyrillic-ext"}. This might be caused by loading too many font variations. Read more: https://www.remotion.dev/docs/troubleshooting/font-loading-errors#render-timeout-when-loading-google-fonts" handle was cleared after 139ms
[Tab 0, delayRender()] "Fetching Inter font {"style":"italic","weight":"900","subset":"cyrillic-ext"}. This might be caused by loading too many font variations. Read more: https://www.remotion.dev/docs/troubleshooting/font-loading-errors#render-timeout-when-loading-google-fonts" handle was cleared after 134ms
[Tab 0, delayRender()] "Fetching Inter font {"style":"italic","weight":"500","subset":"cyrillic"}. This might be caused by loading too many font variations. Read more: https://www.remotion.dev/docs/troubleshooting/font-loading-errors#render-timeout-when-loading-google-fonts" handle was cleared after 140ms
[Tab 0, delayRender()] "Fetching Inter font {"style":"italic","weight":"200","subset":"cyrillic"}. This might be caused by loading too many font variations. Read more: https://www.remotion.dev/docs/troubleshooting/font-loading-errors#render-timeout-when-loading-google-fonts" handle was cleared after 141ms
[Tab 0, delayRender()] "Fetching Inter font {"style":"italic","weight":"800","subset":"cyrillic"}. This might be caused by loading too many font variations. Read more: https://www.remotion.dev/docs/troubleshooting/font-loading-errors#render-timeout-when-loading-google-fonts" handle was cleared after 139ms
[Tab 0, delayRender()] "Fetching Inter font {"style":"italic","weight":"700","subset":"cyrillic"}. This might be caused by loading too many font variations. Read more: https://www.remotion.dev/docs/troubleshooting/font-loading-errors#render-timeout-when-loading-google-fonts" handle was cleared after 140ms
[Tab 0, delayRender()] "Fetching Inter font {"style":"italic","weight":"900","subset":"cyrillic"}. This might be caused by loading too many font variations. Read more: https://www.remotion.dev/docs/troubleshooting/font-loading-errors#render-timeout-when-loading-google-fonts" handle was cleared after 140ms
[Tab 0, delayRender()] "Fetching Inter font {"style":"italic","weight":"100","subset":"cyrillic"}. This might be caused by loading too many font variations. Read more: https://www.remotion.dev/docs/troubleshooting/font-loading-errors#render-timeout-when-loading-google-fonts" handle was cleared after 143ms
[Tab 0, delayRender()] "Fetching Inter font {"style":"italic","weight":"300","subset":"cyrillic"}. This might be caused by loading too many font variations. Read more: https://www.remotion.dev/docs/troubleshooting/font-loading-errors#render-timeout-when-loading-google-fonts" handle was cleared after 142ms
[Tab 0, delayRender()] "Fetching Inter font {"style":"italic","weight":"600","subset":"cyrillic"}. This might be caused by loading too many font variations. Read more: https://www.remotion.dev/docs/troubleshooting/font-loading-errors#render-timeout-when-loading-google-fonts" handle was cleared after 141ms
[Tab 0, delayRender()] "Fetching Inter font {"style":"italic","weight":"400","subset":"cyrillic"}. This might be caused by loading too many font variations. Read more: https://www.remotion.dev/docs/troubleshooting/font-loading-errors#render-timeout-when-loading-google-fonts" handle was cleared after 141ms
[Tab 0, delayRender()] "Fetching Inter font {"style":"normal","weight":"300","subset":"greek"}. This might be caused by loading too many font variations. Read more: https://www.remotion.dev/docs/troubleshooting/font-loading-errors#render-timeout-when-loading-google-fonts" handle was cleared after 151ms
[Tab 0, delayRender()] "Fetching Inter font {"style":"normal","weight":"700","subset":"greek"}. This might be caused by loading too many font variations. Read more: https://www.remotion.dev/docs/troubleshooting/font-loading-errors#render-timeout-when-loading-google-fonts" handle was cleared after 147ms
[Tab 0, delayRender()] "Fetching Inter font {"style":"normal","weight":"100","subset":"greek"}. This might be caused by loading too many font variations. Read more: https://www.remotion.dev/docs/troubleshooting/font-loading-errors#render-timeout-when-loading-google-fonts" handle was cleared after 152ms
[Tab 0, delayRender()] "Fetching Inter font {"style":"normal","weight":"900","subset":"greek"}. This might be caused by loading too many font variations. Read more: https://www.remotion.dev/docs/troubleshooting/font-loading-errors#render-timeout-when-loading-google-fonts" handle was cleared after 149ms
[Tab 0, delayRender()] "Fetching Inter font {"style":"normal","weight":"200","subset":"greek"}. This might be caused by loading too many font variations. Read more: https://www.remotion.dev/docs/troubleshooting/font-loading-errors#render-timeout-when-loading-google-fonts" handle was cleared after 153ms
[Tab 0, delayRender()] "Fetching Inter font {"style":"normal","weight":"400","subset":"greek"}. This might be caused by loading too many font variations. Read more: https://www.remotion.dev/docs/troubleshooting/font-loading-errors#render-timeout-when-loading-google-fonts" handle was cleared after 150ms
[Tab 0, delayRender()] "Fetching Inter font {"style":"normal","weight":"800","subset":"greek"}. This might be caused by loading too many font variations. Read more: https://www.remotion.dev/docs/troubleshooting/font-loading-errors#render-timeout-when-loading-google-fonts" handle was cleared after 149ms
[Tab 0, delayRender()] "Fetching Inter font {"style":"normal","weight":"600","subset":"greek"}. This might be caused by loading too many font variations. Read more: https://www.remotion.dev/docs/troubleshooting/font-loading-errors#render-timeout-when-loading-google-fonts" handle was cleared after 149ms
[Tab 0, delayRender()] "Fetching Inter font {"style":"normal","weight":"500","subset":"greek"}. This might be caused by loading too many font variations. Read more: https://www.remotion.dev/docs/troubleshooting/font-loading-errors#render-timeout-when-loading-google-fonts" handle was cleared after 149ms
[Tab 0, delayRender()] "Fetching Outfit font {"style":"normal","weight":"100","subset":"latin"}. This might be caused by loading too many font variations. Read more: https://www.remotion.dev/docs/troubleshooting/font-loading-errors#render-timeout-when-loading-google-fonts" handle was cleared after 150ms
[Tab 0, delayRender()] "Fetching Outfit font {"style":"normal","weight":"200","subset":"latin"}. This might be caused by loading too many font variations. Read more: https://www.remotion.dev/docs/troubleshooting/font-loading-errors#render-timeout-when-loading-google-fonts" handle was cleared after 150ms
[Tab 0, delayRender()] "Fetching Outfit font {"style":"normal","weight":"600","subset":"latin"}. This might be caused by loading too many font variations. Read more: https://www.remotion.dev/docs/troubleshooting/font-loading-errors#render-timeout-when-loading-google-fonts" handle was cleared after 150ms
[Tab 0, delayRender()] "Fetching Outfit font {"style":"normal","weight":"400","subset":"latin"}. This might be caused by loading too many font variations. Read more: https://www.remotion.dev/docs/troubleshooting/font-loading-errors#render-timeout-when-loading-google-fonts" handle was cleared after 150ms
[Tab 0, delayRender()] "Fetching Outfit font {"style":"normal","weight":"500","subset":"latin"}. This might be caused by loading too many font variations. Read more: https://www.remotion.dev/docs/troubleshooting/font-loading-errors#render-timeout-when-loading-google-fonts" handle was cleared after 150ms
[Tab 0, delayRender()] "Fetching Outfit font {"style":"normal","weight":"800","subset":"latin"}. This might be caused by loading too many font variations. Read more: https://www.remotion.dev/docs/troubleshooting/font-loading-errors#render-timeout-when-loading-google-fonts" handle was cleared after 150ms
[Tab 0, delayRender()] "Fetching Outfit font {"style":"normal","weight":"700","subset":"latin"}. This might be caused by loading too many font variations. Read more: https://www.remotion.dev/docs/troubleshooting/font-loading-errors#render-timeout-when-loading-google-fonts" handle was cleared after 150ms
[Tab 0, delayRender()] "Fetching Outfit font {"style":"normal","weight":"300","subset":"latin"}. This might be caused by loading too many font variations. Read more: https://www.remotion.dev/docs/troubleshooting/font-loading-errors#render-timeout-when-loading-google-fonts" handle was cleared after 150ms
[Tab 0, delayRender()] "Fetching Outfit font {"style":"normal","weight":"900","subset":"latin"}. This might be caused by loading too many font variations. Read more: https://www.remotion.dev/docs/troubleshooting/font-loading-errors#render-timeout-when-loading-google-fonts" handle was cleared after 150ms
[Tab 0, delayRender()] "Fetching Outfit font {"style":"normal","weight":"300","subset":"latin-ext"}. This might be caused by loading too many font variations. Read more: https://www.remotion.dev/docs/troubleshooting/font-loading-errors#render-timeout-when-loading-google-fonts" handle was cleared after 162ms
[Tab 0, delayRender()] "Fetching Outfit font {"style":"normal","weight":"100","subset":"latin-ext"}. This might be caused by loading too many font variations. Read more: https://www.remotion.dev/docs/troubleshooting/font-loading-errors#render-timeout-when-loading-google-fonts" handle was cleared after 163ms
[Tab 0, delayRender()] "Fetching Outfit font {"style":"normal","weight":"900","subset":"latin-ext"}. This might be caused by loading too many font variations. Read more: https://www.remotion.dev/docs/troubleshooting/font-loading-errors#render-timeout-when-loading-google-fonts" handle was cleared after 163ms
[Tab 0, delayRender()] "Fetching Outfit font {"style":"normal","weight":"700","subset":"latin-ext"}. This might be caused by loading too many font variations. Read more: https://www.remotion.dev/docs/troubleshooting/font-loading-errors#render-timeout-when-loading-google-fonts" handle was cleared after 163ms
[Tab 0, delayRender()] "Fetching Outfit font {"style":"normal","weight":"500","subset":"latin-ext"}. This might be caused by loading too many font variations. Read more: https://www.remotion.dev/docs/troubleshooting/font-loading-errors#render-timeout-when-loading-google-fonts" handle was cleared after 163ms
[Tab 0, delayRender()] "Fetching Outfit font {"style":"normal","weight":"400","subset":"latin-ext"}. This might be caused by loading too many font variations. Read more: https://www.remotion.dev/docs/troubleshooting/font-loading-errors#render-timeout-when-loading-google-fonts" handle was cleared after 163ms
[Tab 0, delayRender()] "Fetching Outfit font {"style":"normal","weight":"800","subset":"latin-ext"}. This might be caused by loading too many font variations. Read more: https://www.remotion.dev/docs/troubleshooting/font-loading-errors#render-timeout-when-loading-google-fonts" handle was cleared after 163ms
[Tab 0, delayRender()] "Fetching Outfit font {"style":"normal","weight":"600","subset":"latin-ext"}. This might be caused by loading too many font variations. Read more: https://www.remotion.dev/docs/troubleshooting/font-loading-errors#render-timeout-when-loading-google-fonts" handle was cleared after 163ms
[Tab 0, delayRender()] "Fetching Outfit font {"style":"normal","weight":"200","subset":"latin-ext"}. This might be caused by loading too many font variations. Read more: https://www.remotion.dev/docs/troubleshooting/font-loading-errors#render-timeout-when-loading-google-fonts" handle was cleared after 163ms
[Tab 0, delayRender()] "Fetching Inter font {"style":"normal","weight":"600","subset":"cyrillic-ext"}. This might be caused by loading too many font variations. Read more: https://www.remotion.dev/docs/troubleshooting/font-loading-errors#render-timeout-when-loading-google-fonts" handle was cleared after 172ms
[Tab 0, delayRender()] "Fetching Inter font {"style":"normal","weight":"300","subset":"cyrillic-ext"}. This might be caused by loading too many font variations. Read more: https://www.remotion.dev/docs/troubleshooting/font-loading-errors#render-timeout-when-loading-google-fonts" handle was cleared after 176ms
[Tab 0, delayRender()] "Fetching Inter font {"style":"normal","weight":"700","subset":"cyrillic-ext"}. This might be caused by loading too many font variations. Read more: https://www.remotion.dev/docs/troubleshooting/font-loading-errors#render-timeout-when-loading-google-fonts" handle was cleared after 172ms
[Tab 0, delayRender()] "Fetching Inter font {"style":"normal","weight":"800","subset":"cyrillic-ext"}. This might be caused by loading too many font variations. Read more: https://www.remotion.dev/docs/troubleshooting/font-loading-errors#render-timeout-when-loading-google-fonts" handle was cleared after 172ms
[Tab 0, delayRender()] "Fetching Inter font {"style":"normal","weight":"100","subset":"cyrillic-ext"}. This might be caused by loading too many font variations. Read more: https://www.remotion.dev/docs/troubleshooting/font-loading-errors#render-timeout-when-loading-google-fonts" handle was cleared after 177ms
[Tab 0, delayRender()] "Fetching Inter font {"style":"normal","weight":"500","subset":"cyrillic-ext"}. This might be caused by loading too many font variations. Read more: https://www.remotion.dev/docs/troubleshooting/font-loading-errors#render-timeout-when-loading-google-fonts" handle was cleared after 172ms
[Tab 0, delayRender()] "Fetching Inter font {"style":"normal","weight":"900","subset":"cyrillic-ext"}. This might be caused by loading too many font variations. Read more: https://www.remotion.dev/docs/troubleshooting/font-loading-errors#render-timeout-when-loading-google-fonts" handle was cleared after 172ms
[Tab 0, delayRender()] "Fetching Inter font {"style":"normal","weight":"200","subset":"cyrillic-ext"}. This might be caused by loading too many font variations. Read more: https://www.remotion.dev/docs/troubleshooting/font-loading-errors#render-timeout-when-loading-google-fonts" handle was cleared after 177ms
[Tab 0, delayRender()] "Fetching Inter font {"style":"normal","weight":"400","subset":"cyrillic-ext"}. This might be caused by loading too many font variations. Read more: https://www.remotion.dev/docs/troubleshooting/font-loading-errors#render-timeout-when-loading-google-fonts" handle was cleared after 173ms
[Tab 0, delayRender()] "Fetching Inter font {"style":"normal","weight":"200","subset":"cyrillic"}. This might be caused by loading too many font variations. Read more: https://www.remotion.dev/docs/troubleshooting/font-loading-errors#render-timeout-when-loading-google-fonts" handle was cleared after 195ms
[Tab 0, delayRender()] "Fetching Inter font {"style":"normal","weight":"900","subset":"cyrillic"}. This might be caused by loading too many font variations. Read more: https://www.remotion.dev/docs/troubleshooting/font-loading-errors#render-timeout-when-loading-google-fonts" handle was cleared after 190ms
[Tab 0, delayRender()] "Fetching Inter font {"style":"normal","weight":"800","subset":"cyrillic"}. This might be caused by loading too many font variations. Read more: https://www.remotion.dev/docs/troubleshooting/font-loading-errors#render-timeout-when-loading-google-fonts" handle was cleared after 190ms
[Tab 0, delayRender()] "Fetching Inter font {"style":"normal","weight":"700","subset":"cyrillic"}. This might be caused by loading too many font variations. Read more: https://www.remotion.dev/docs/troubleshooting/font-loading-errors#render-timeout-when-loading-google-fonts" handle was cleared after 190ms
[Tab 0, delayRender()] "Fetching Inter font {"style":"normal","weight":"100","subset":"cyrillic"}. This might be caused by loading too many font variations. Read more: https://www.remotion.dev/docs/troubleshooting/font-loading-errors#render-timeout-when-loading-google-fonts" handle was cleared after 195ms
[Tab 0, delayRender()] "Fetching Inter font {"style":"normal","weight":"600","subset":"cyrillic"}. This might be caused by loading too many font variations. Read more: https://www.remotion.dev/docs/troubleshooting/font-loading-errors#render-timeout-when-loading-google-fonts" handle was cleared after 190ms
[Tab 0, delayRender()] "Fetching Inter font {"style":"normal","weight":"400","subset":"cyrillic"}. This might be caused by loading too many font variations. Read more: https://www.remotion.dev/docs/troubleshooting/font-loading-errors#render-timeout-when-loading-google-fonts" handle was cleared after 191ms
[Tab 0, delayRender()] "Fetching Inter font {"style":"normal","weight":"500","subset":"cyrillic"}. This might be caused by loading too many font variations. Read more: https://www.remotion.dev/docs/troubleshooting/font-loading-errors#render-timeout-when-loading-google-fonts" handle was cleared after 190ms
[Tab 0, delayRender()] "Fetching Inter font {"style":"normal","weight":"300","subset":"cyrillic"}. This might be caused by loading too many font variations. Read more: https://www.remotion.dev/docs/troubleshooting/font-loading-errors#render-timeout-when-loading-google-fonts" handle was cleared after 194ms
[Tab 0, delayRender()] "Fetching Inter font {"style":"normal","weight":"400","subset":"vietnamese"}. This might be caused by loading too many font variations. Read more: https://www.remotion.dev/docs/troubleshooting/font-loading-errors#render-timeout-when-loading-google-fonts" handle was cleared after 192ms
[Tab 0, delayRender()] "Fetching Inter font {"style":"normal","weight":"900","subset":"vietnamese"}. This might be caused by loading too many font variations. Read more: https://www.remotion.dev/docs/troubleshooting/font-loading-errors#render-timeout-when-loading-google-fonts" handle was cleared after 191ms
[Tab 0, delayRender()] "Fetching Inter font {"style":"normal","weight":"100","subset":"vietnamese"}. This might be caused by loading too many font variations. Read more: https://www.remotion.dev/docs/troubleshooting/font-loading-errors#render-timeout-when-loading-google-fonts" handle was cleared after 196ms
[Tab 0, delayRender()] "Fetching Inter font {"style":"normal","weight":"500","subset":"vietnamese"}. This might be caused by loading too many font variations. Read more: https://www.remotion.dev/docs/troubleshooting/font-loading-errors#render-timeout-when-loading-google-fonts" handle was cleared after 191ms
[Tab 0, delayRender()] "Fetching Inter font {"style":"normal","weight":"200","subset":"vietnamese"}. This might be caused by loading too many font variations. Read more: https://www.remotion.dev/docs/troubleshooting/font-loading-errors#render-timeout-when-loading-google-fonts" handle was cleared after 195ms
[Tab 0, delayRender()] "Fetching Inter font {"style":"normal","weight":"700","subset":"vietnamese"}. This might be caused by loading too many font variations. Read more: https://www.remotion.dev/docs/troubleshooting/font-loading-errors#render-timeout-when-loading-google-fonts" handle was cleared after 191ms
[Tab 0, delayRender()] "Fetching Inter font {"style":"normal","weight":"600","subset":"vietnamese"}. This might be caused by loading too many font variations. Read more: https://www.remotion.dev/docs/troubleshooting/font-loading-errors#render-timeout-when-loading-google-fonts" handle was cleared after 191ms
[Tab 0, delayRender()] "Fetching Inter font {"style":"normal","weight":"800","subset":"vietnamese"}. This might be caused by loading too many font variations. Read more: https://www.remotion.dev/docs/troubleshooting/font-loading-errors#render-timeout-when-loading-google-fonts" handle was cleared after 191ms
[Tab 0, delayRender()] "Fetching Inter font {"style":"normal","weight":"300","subset":"vietnamese"}. This might be caused by loading too many font variations. Read more: https://www.remotion.dev/docs/troubleshooting/font-loading-errors#render-timeout-when-loading-google-fonts" handle was cleared after 195ms
[Tab 0, delayRender()] "Fetching Inter font {"style":"italic","weight":"800","subset":"latin"}. This might be caused by loading too many font variations. Read more: https://www.remotion.dev/docs/troubleshooting/font-loading-errors#render-timeout-when-loading-google-fonts" handle was cleared after 197ms
[Tab 0, delayRender()] "Fetching Inter font {"style":"italic","weight":"100","subset":"latin"}. This might be caused by loading too many font variations. Read more: https://www.remotion.dev/docs/troubleshooting/font-loading-errors#render-timeout-when-loading-google-fonts" handle was cleared after 199ms
[Tab 0, delayRender()] "Fetching Inter font {"style":"italic","weight":"900","subset":"latin"}. This might be caused by loading too many font variations. Read more: https://www.remotion.dev/docs/troubleshooting/font-loading-errors#render-timeout-when-loading-google-fonts" handle was cleared after 197ms
[Tab 0, delayRender()] "Fetching Inter font {"style":"italic","weight":"600","subset":"latin"}. This might be caused by loading too many font variations. Read more: https://www.remotion.dev/docs/troubleshooting/font-loading-errors#render-timeout-when-loading-google-fonts" handle was cleared after 198ms
[Tab 0, delayRender()] "Fetching Inter font {"style":"italic","weight":"300","subset":"latin"}. This might be caused by loading too many font variations. Read more: https://www.remotion.dev/docs/troubleshooting/font-loading-errors#render-timeout-when-loading-google-fonts" handle was cleared after 199ms
[Tab 0, delayRender()] "Fetching Inter font {"style":"italic","weight":"400","subset":"latin"}. This might be caused by loading too many font variations. Read more: https://www.remotion.dev/docs/troubleshooting/font-loading-errors#render-timeout-when-loading-google-fonts" handle was cleared after 198ms
[Tab 0, delayRender()] "Fetching Inter font {"style":"italic","weight":"200","subset":"latin"}. This might be caused by loading too many font variations. Read more: https://www.remotion.dev/docs/troubleshooting/font-loading-errors#render-timeout-when-loading-google-fonts" handle was cleared after 199ms
[Tab 0, delayRender()] "Fetching Inter font {"style":"italic","weight":"500","subset":"latin"}. This might be caused by loading too many font variations. Read more: https://www.remotion.dev/docs/troubleshooting/font-loading-errors#render-timeout-when-loading-google-fonts" handle was cleared after 198ms
[Tab 0, delayRender()] "Fetching Inter font {"style":"italic","weight":"700","subset":"latin"}. This might be caused by loading too many font variations. Read more: https://www.remotion.dev/docs/troubleshooting/font-loading-errors#render-timeout-when-loading-google-fonts" handle was cleared after 198ms
[Tab 0, delayRender()] "Fetching Inter font {"style":"italic","weight":"700","subset":"latin-ext"}. This might be caused by loading too many font variations. Read more: https://www.remotion.dev/docs/troubleshooting/font-loading-errors#render-timeout-when-loading-google-fonts" handle was cleared after 201ms
[Tab 0, delayRender()] "Fetching Inter font {"style":"italic","weight":"800","subset":"latin-ext"}. This might be caused by loading too many font variations. Read more: https://www.remotion.dev/docs/troubleshooting/font-loading-errors#render-timeout-when-loading-google-fonts" handle was cleared after 200ms
[Tab 0, delayRender()] "Fetching Inter font {"style":"italic","weight":"600","subset":"latin-ext"}. This might be caused by loading too many font variations. Read more: https://www.remotion.dev/docs/troubleshooting/font-loading-errors#render-timeout-when-loading-google-fonts" handle was cleared after 201ms
[Tab 0, delayRender()] "Fetching Inter font {"style":"italic","weight":"500","subset":"latin-ext"}. This might be caused by loading too many font variations. Read more: https://www.remotion.dev/docs/troubleshooting/font-loading-errors#render-timeout-when-loading-google-fonts" handle was cleared after 201ms
[Tab 0, delayRender()] "Fetching Inter font {"style":"italic","weight":"300","subset":"latin-ext"}. This might be caused by loading too many font variations. Read more: https://www.remotion.dev/docs/troubleshooting/font-loading-errors#render-timeout-when-loading-google-fonts" handle was cleared after 202ms
[Tab 0, delayRender()] "Fetching Inter font {"style":"italic","weight":"100","subset":"latin-ext"}. This might be caused by loading too many font variations. Read more: https://www.remotion.dev/docs/troubleshooting/font-loading-errors#render-timeout-when-loading-google-fonts" handle was cleared after 202ms
[Tab 0, delayRender()] "Fetching Inter font {"style":"italic","weight":"400","subset":"latin-ext"}. This might be caused by loading too many font variations. Read more: https://www.remotion.dev/docs/troubleshooting/font-loading-errors#render-timeout-when-loading-google-fonts" handle was cleared after 201ms
[Tab 0, delayRender()] "Fetching Inter font {"style":"italic","weight":"900","subset":"latin-ext"}. This might be caused by loading too many font variations. Read more: https://www.remotion.dev/docs/troubleshooting/font-loading-errors#render-timeout-when-loading-google-fonts" handle was cleared after 200ms
[Tab 0, delayRender()] "Fetching Inter font {"style":"italic","weight":"200","subset":"latin-ext"}. This might be caused by loading too many font variations. Read more: https://www.remotion.dev/docs/troubleshooting/font-loading-errors#render-timeout-when-loading-google-fonts" handle was cleared after 202ms
[Tab 0, delayRender()] "Fetching Inter font {"style":"normal","weight":"200","subset":"latin-ext"}. This might be caused by loading too many font variations. Read more: https://www.remotion.dev/docs/troubleshooting/font-loading-errors#render-timeout-when-loading-google-fonts" handle was cleared after 199ms
[Tab 0, delayRender()] "Fetching Inter font {"style":"normal","weight":"400","subset":"latin-ext"}. This might be caused by loading too many font variations. Read more: https://www.remotion.dev/docs/troubleshooting/font-loading-errors#render-timeout-when-loading-google-fonts" handle was cleared after 196ms
[Tab 0, delayRender()] "Fetching Inter font {"style":"normal","weight":"300","subset":"latin-ext"}. This might be caused by loading too many font variations. Read more: https://www.remotion.dev/docs/troubleshooting/font-loading-errors#render-timeout-when-loading-google-fonts" handle was cleared after 199ms
[Tab 0, delayRender()] "Fetching Inter font {"style":"normal","weight":"100","subset":"latin-ext"}. This might be caused by loading too many font variations. Read more: https://www.remotion.dev/docs/troubleshooting/font-loading-errors#render-timeout-when-loading-google-fonts" handle was cleared after 200ms
[Tab 0, delayRender()] "Fetching Inter font {"style":"normal","weight":"900","subset":"latin-ext"}. This might be caused by loading too many font variations. Read more: https://www.remotion.dev/docs/troubleshooting/font-loading-errors#render-timeout-when-loading-google-fonts" handle was cleared after 195ms
[Tab 0, delayRender()] "Fetching Inter font {"style":"normal","weight":"500","subset":"latin-ext"}. This might be caused by loading too many font variations. Read more: https://www.remotion.dev/docs/troubleshooting/font-loading-errors#render-timeout-when-loading-google-fonts" handle was cleared after 195ms
[Tab 0, delayRender()] "Fetching Inter font {"style":"normal","weight":"700","subset":"latin-ext"}. This might be caused by loading too many font variations. Read more: https://www.remotion.dev/docs/troubleshooting/font-loading-errors#render-timeout-when-loading-google-fonts" handle was cleared after 195ms
[Tab 0, delayRender()] "Fetching Inter font {"style":"normal","weight":"600","subset":"latin-ext"}. This might be caused by loading too many font variations. Read more: https://www.remotion.dev/docs/troubleshooting/font-loading-errors#render-timeout-when-loading-google-fonts" handle was cleared after 195ms
[Tab 0, delayRender()] "Fetching Inter font {"style":"normal","weight":"800","subset":"latin-ext"}. This might be caused by loading too many font variations. Read more: https://www.remotion.dev/docs/troubleshooting/font-loading-errors#render-timeout-when-loading-google-fonts" handle was cleared after 195ms
[Tab 0, delayRender()] "Fetching Inter font {"style":"normal","weight":"200","subset":"latin"}. This might be caused by loading too many font variations. Read more: https://www.remotion.dev/docs/troubleshooting/font-loading-errors#render-timeout-when-loading-google-fonts" handle was cleared after 200ms
[Tab 0, delayRender()] "Fetching Inter font {"style":"normal","weight":"800","subset":"latin"}. This might be caused by loading too many font variations. Read more: https://www.remotion.dev/docs/troubleshooting/font-loading-errors#render-timeout-when-loading-google-fonts" handle was cleared after 196ms
[Tab 0, delayRender()] "Fetching Inter font {"style":"normal","weight":"400","subset":"latin"}. This might be caused by loading too many font variations. Read more: https://www.remotion.dev/docs/troubleshooting/font-loading-errors#render-timeout-when-loading-google-fonts" handle was cleared after 197ms
[Tab 0, delayRender()] "Fetching Inter font {"style":"normal","weight":"100","subset":"latin"}. This might be caused by loading too many font variations. Read more: https://www.remotion.dev/docs/troubleshooting/font-loading-errors#render-timeout-when-loading-google-fonts" handle was cleared after 201ms
[Tab 0, delayRender()] "Fetching Inter font {"style":"normal","weight":"600","subset":"latin"}. This might be caused by loading too many font variations. Read more: https://www.remotion.dev/docs/troubleshooting/font-loading-errors#render-timeout-when-loading-google-fonts" handle was cleared after 196ms
[Tab 0, delayRender()] "Fetching Inter font {"style":"normal","weight":"500","subset":"latin"}. This might be caused by loading too many font variations. Read more: https://www.remotion.dev/docs/troubleshooting/font-loading-errors#render-timeout-when-loading-google-fonts" handle was cleared after 196ms
[Tab 0, delayRender()] "Fetching Inter font {"style":"normal","weight":"700","subset":"latin"}. This might be caused by loading too many font variations. Read more: https://www.remotion.dev/docs/troubleshooting/font-loading-errors#render-timeout-when-loading-google-fonts" handle was cleared after 196ms
[Tab 0, delayRender()] "Fetching Inter font {"style":"normal","weight":"900","subset":"latin"}. This might be caused by loading too many font variations. Read more: https://www.remotion.dev/docs/troubleshooting/font-loading-errors#render-timeout-when-loading-google-fonts" handle was cleared after 196ms
[Tab 0, delayRender()] "Fetching Inter font {"style":"normal","weight":"300","subset":"latin"}. This might be caused by loading too many font variations. Read more: https://www.remotion.dev/docs/troubleshooting/font-loading-errors#render-timeout-when-loading-google-fonts" handle was cleared after 200ms
[Tab 0, delayRender()] "Waiting for root component to load - See https://remotion.dev/docs/troubleshooting/loading-root-component if you experience a timeout" handle was cleared after 13ms
[selectComposition()] Running calculateMetadata()...
[Tab 0, delayRender()] "Running the calculateMetadata() function for composition AlizeExplainerPortrait" handle was cleared after 0ms
[selectComposition()] calculateMetadata() took 1ms
Composition = AlizeExplainerPortrait (Passed as argument)
Codec = h264 (derived from out name)
Output = stitch-site/public/animations/alize-explainer-portrait.mp4
Concurrency = 4x
[renderMedia()] Free memory: 331104256 Estimated usage parallel encoding 2073600000
[renderMedia()] Using concurrency: 4
[renderMedia()] delayRender() timeout: 30000
[renderMedia()] Codec supports parallel rendering: true
[renderMedia()] Parallel encoding is disabled.
[renderMedia()] Rendering frames 0-449
Rendered 0/450
[Tab 2, node_modules/.pnpm/@remotion+google-fonts@4.0.410_react-dom@19.2.4_react@19.2.4__react@19.2.4/node_modules/@remotion/google-fonts/dist/esm/Inter.mjs:95] Made 63 network requests to load fonts for Inter. Consider loading fewer weights and subsets by passing options to loadFont(). Disable this warning by passing "ignoreTooManyRequestsWarning: true" to "options".
[Tab 1, node_modules/.pnpm/@remotion+google-fonts@4.0.410_react-dom@19.2.4_react@19.2.4__react@19.2.4/node_modules/@remotion/google-fonts/dist/esm/Inter.mjs:95] Made 63 network requests to load fonts for Inter. Consider loading fewer weights and subsets by passing options to loadFont(). Disable this warning by passing "ignoreTooManyRequestsWarning: true" to "options".
[Tab 2, node_modules/.pnpm/@remotion+google-fonts@4.0.410_react-dom@19.2.4_react@19.2.4__react@19.2.4/node_modules/@remotion/google-fonts/dist/esm/Inter.mjs:95] Made 126 network requests to load fonts for Inter. Consider loading fewer weights and subsets by passing options to loadFont(). Disable this warning by passing "ignoreTooManyRequestsWarning: true" to "options".
[Tab 1, node_modules/.pnpm/@remotion+google-fonts@4.0.410_react-dom@19.2.4_react@19.2.4__react@19.2.4/node_modules/@remotion/google-fonts/dist/esm/Inter.mjs:95] Made 126 network requests to load fonts for Inter. Consider loading fewer weights and subsets by passing options to loadFont(). Disable this warning by passing "ignoreTooManyRequestsWarning: true" to "options".
[Tab 2, delayRender()] "Loading root component - See https://remotion.dev/docs/troubleshooting/loading-root-component if you experience a timeout" handle was cleared after 1ms
[Tab 3, node_modules/.pnpm/@remotion+google-fonts@4.0.410_react-dom@19.2.4_react@19.2.4__react@19.2.4/node_modules/@remotion/google-fonts/dist/esm/Inter.mjs:95] Made 63 network requests to load fonts for Inter. Consider loading fewer weights and subsets by passing options to loadFont(). Disable this warning by passing "ignoreTooManyRequestsWarning: true" to "options".
[Tab 1, delayRender()] "Loading root component - See https://remotion.dev/docs/troubleshooting/loading-root-component if you experience a timeout" handle was cleared after 1ms
[Tab 3, node_modules/.pnpm/@remotion+google-fonts@4.0.410_react-dom@19.2.4_react@19.2.4__react@19.2.4/node_modules/@remotion/google-fonts/dist/esm/Inter.mjs:95] Made 126 network requests to load fonts for Inter. Consider loading fewer weights and subsets by passing options to loadFont(). Disable this warning by passing "ignoreTooManyRequestsWarning: true" to "options".
[Tab 2, delayRender()] "Fetching Inter font {"style":"italic","weight":"200","subset":"cyrillic"}. This might be caused by loading too many font variations. Read more: https://www.remotion.dev/docs/troubleshooting/font-loading-errors#render-timeout-when-loading-google-fonts" handle was cleared after 16ms
[Tab 2, delayRender()] "Fetching Inter font {"style":"italic","weight":"100","subset":"cyrillic"}. This might be caused by loading too many font variations. Read more: https://www.remotion.dev/docs/troubleshooting/font-loading-errors#render-timeout-when-loading-google-fonts" handle was cleared after 17ms
[Tab 2, delayRender()] "Fetching Inter font {"style":"italic","weight":"700","subset":"cyrillic"}. This might be caused by loading too many font variations. Read more: https://www.remotion.dev/docs/troubleshooting/font-loading-errors#render-timeout-when-loading-google-fonts" handle was cleared after 15ms
[Tab 2, delayRender()] "Fetching Inter font {"style":"italic","weight":"900","subset":"cyrillic"}. This might be caused by loading too many font variations. Read more: https://www.remotion.dev/docs/troubleshooting/font-loading-errors#render-timeout-when-loading-google-fonts" handle was cleared after 15ms
[Tab 2, delayRender()] "Fetching Inter font {"style":"italic","weight":"400","subset":"cyrillic"}. This might be caused by loading too many font variations. Read more: https://www.remotion.dev/docs/troubleshooting/font-loading-errors#render-timeout-when-loading-google-fonts" handle was cleared after 16ms
[Tab 2, delayRender()] "Fetching Inter font {"style":"italic","weight":"800","subset":"cyrillic"}. This might be caused by loading too many font variations. Read more: https://www.remotion.dev/docs/troubleshooting/font-loading-errors#render-timeout-when-loading-google-fonts" handle was cleared after 15ms
[Tab 2, delayRender()] "Fetching Inter font {"style":"italic","weight":"500","subset":"cyrillic"}. This might be caused by loading too many font variations. Read more: https://www.remotion.dev/docs/troubleshooting/font-loading-errors#render-timeout-when-loading-google-fonts" handle was cleared after 15ms
[Tab 2, delayRender()] "Fetching Inter font {"style":"italic","weight":"300","subset":"cyrillic"}. This might be caused by loading too many font variations. Read more: https://www.remotion.dev/docs/troubleshooting/font-loading-errors#render-timeout-when-loading-google-fonts" handle was cleared after 16ms
[Tab 2, delayRender()] "Fetching Inter font {"style":"italic","weight":"600","subset":"cyrillic"}. This might be caused by loading too many font variations. Read more: https://www.remotion.dev/docs/troubleshooting/font-loading-errors#render-timeout-when-loading-google-fonts" handle was cleared after 15ms
[Tab 2, delayRender()] "Fetching Inter font {"style":"italic","weight":"300","subset":"cyrillic-ext"}. This might be caused by loading too many font variations. Read more: https://www.remotion.dev/docs/troubleshooting/font-loading-errors#render-timeout-when-loading-google-fonts" handle was cleared after 16ms
[Tab 2, delayRender()] "Fetching Inter font {"style":"italic","weight":"400","subset":"cyrillic-ext"}. This might be caused by loading too many font variations. Read more: https://www.remotion.dev/docs/troubleshooting/font-loading-errors#render-timeout-when-loading-google-fonts" handle was cleared after 16ms
[Tab 2, delayRender()] "Fetching Inter font {"style":"italic","weight":"700","subset":"cyrillic-ext"}. This might be caused by loading too many font variations. Read more: https://www.remotion.dev/docs/troubleshooting/font-loading-errors#render-timeout-when-loading-google-fonts" handle was cleared after 15ms
[Tab 2, delayRender()] "Fetching Inter font {"style":"italic","weight":"600","subset":"cyrillic-ext"}. This might be caused by loading too many font variations. Read more: https://www.remotion.dev/docs/troubleshooting/font-loading-errors#render-timeout-when-loading-google-fonts" handle was cleared after 15ms
[Tab 2, delayRender()] "Fetching Inter font {"style":"italic","weight":"500","subset":"cyrillic-ext"}. This might be caused by loading too many font variations. Read more: https://www.remotion.dev/docs/troubleshooting/font-loading-errors#render-timeout-when-loading-google-fonts" handle was cleared after 15ms
[Tab 2, delayRender()] "Fetching Inter font {"style":"italic","weight":"200","subset":"cyrillic-ext"}. This might be caused by loading too many font variations. Read more: https://www.remotion.dev/docs/troubleshooting/font-loading-errors#render-timeout-when-loading-google-fonts" handle was cleared after 16ms
[Tab 2, delayRender()] "Fetching Inter font {"style":"italic","weight":"900","subset":"cyrillic-ext"}. This might be caused by loading too many font variations. Read more: https://www.remotion.dev/docs/troubleshooting/font-loading-errors#render-timeout-when-loading-google-fonts" handle was cleared after 15ms
[Tab 2, delayRender()] "Fetching Inter font {"style":"italic","weight":"100","subset":"cyrillic-ext"}. This might be caused by loading too many font variations. Read more: https://www.remotion.dev/docs/troubleshooting/font-loading-errors#render-timeout-when-loading-google-fonts" handle was cleared after 17ms
[Tab 2, delayRender()] "Fetching Inter font {"style":"italic","weight":"800","subset":"cyrillic-ext"}. This might be caused by loading too many font variations. Read more: https://www.remotion.dev/docs/troubleshooting/font-loading-errors#render-timeout-when-loading-google-fonts" handle was cleared after 15ms
[Tab 1, delayRender()] "Fetching Inter font {"style":"italic","weight":"200","subset":"cyrillic"}. This might be caused by loading too many font variations. Read more: https://www.remotion.dev/docs/troubleshooting/font-loading-errors#render-timeout-when-loading-google-fonts" handle was cleared after 17ms
[Tab 1, delayRender()] "Fetching Inter font {"style":"italic","weight":"100","subset":"cyrillic"}. This might be caused by loading too many font variations. Read more: https://www.remotion.dev/docs/troubleshooting/font-loading-errors#render-timeout-when-loading-google-fonts" handle was cleared after 17ms
[Tab 1, delayRender()] "Fetching Inter font {"style":"italic","weight":"700","subset":"cyrillic"}. This might be caused by loading too many font variations. Read more: https://www.remotion.dev/docs/troubleshooting/font-loading-errors#render-timeout-when-loading-google-fonts" handle was cleared after 16ms
[Tab 1, delayRender()] "Fetching Inter font {"style":"italic","weight":"900","subset":"cyrillic"}. This might be caused by loading too many font variations. Read more: https://www.remotion.dev/docs/troubleshooting/font-loading-errors#render-timeout-when-loading-google-fonts" handle was cleared after 16ms
[Tab 1, delayRender()] "Fetching Inter font {"style":"italic","weight":"400","subset":"cyrillic"}. This might be caused by loading too many font variations. Read more: https://www.remotion.dev/docs/troubleshooting/font-loading-errors#render-timeout-when-loading-google-fonts" handle was cleared after 17ms
[Tab 1, delayRender()] "Fetching Inter font {"style":"italic","weight":"800","subset":"cyrillic"}. This might be caused by loading too many font variations. Read more: https://www.remotion.dev/docs/troubleshooting/font-loading-errors#render-timeout-when-loading-google-fonts" handle was cleared after 16ms
[Tab 1, delayRender()] "Fetching Inter font {"style":"italic","weight":"500","subset":"cyrillic"}. This might be caused by loading too many font variations. Read more: https://www.remotion.dev/docs/troubleshooting/font-loading-errors#render-timeout-when-loading-google-fonts" handle was cleared after 16ms
[Tab 1, delayRender()] "Fetching Inter font {"style":"italic","weight":"300","subset":"cyrillic"}. This might be caused by loading too many font variations. Read more: https://www.remotion.dev/docs/troubleshooting/font-loading-errors#render-timeout-when-loading-google-fonts" handle was cleared after 17ms
[Tab 1, delayRender()] "Fetching Inter font {"style":"italic","weight":"600","subset":"cyrillic"}. This might be caused by loading too many font variations. Read more: https://www.remotion.dev/docs/troubleshooting/font-loading-errors#render-timeout-when-loading-google-fonts" handle was cleared after 16ms
[Tab 2, delayRender()] "Fetching Inter font {"style":"italic","weight":"500","subset":"greek-ext"}. This might be caused by loading too many font variations. Read more: https://www.remotion.dev/docs/troubleshooting/font-loading-errors#render-timeout-when-loading-google-fonts" handle was cleared after 18ms
[Tab 2, delayRender()] "Fetching Inter font {"style":"italic","weight":"800","subset":"greek-ext"}. This might be caused by loading too many font variations. Read more: https://www.remotion.dev/docs/troubleshooting/font-loading-errors#render-timeout-when-loading-google-fonts" handle was cleared after 18ms
[Tab 1, delayRender()] "Fetching Inter font {"style":"italic","weight":"300","subset":"cyrillic-ext"}. This might be caused by loading too many font variations. Read more: https://www.remotion.dev/docs/troubleshooting/font-loading-errors#render-timeout-when-loading-google-fonts" handle was cleared after 18ms
[Tab 1, delayRender()] "Fetching Inter font {"style":"italic","weight":"400","subset":"cyrillic-ext"}. This might be caused by loading too many font variations. Read more: https://www.remotion.dev/docs/troubleshooting/font-loading-errors#render-timeout-when-loading-google-fonts" handle was cleared after 18ms
[Tab 2, delayRender()] "Fetching Inter font {"style":"italic","weight":"100","subset":"greek-ext"}. This might be caused by loading too many font variations. Read more: https://www.remotion.dev/docs/troubleshooting/font-loading-errors#render-timeout-when-loading-google-fonts" handle was cleared after 19ms
[Tab 2, delayRender()] "Fetching Inter font {"style":"italic","weight":"400","subset":"greek-ext"}. This might be caused by loading too many font variations. Read more: https://www.remotion.dev/docs/troubleshooting/font-loading-errors#render-timeout-when-loading-google-fonts" handle was cleared after 19ms
[Tab 1, delayRender()] "Fetching Inter font {"style":"italic","weight":"700","subset":"cyrillic-ext"}. This might be caused by loading too many font variations. Read more: https://www.remotion.dev/docs/troubleshooting/font-loading-errors#render-timeout-when-loading-google-fonts" handle was cleared after 17ms
[Tab 2, delayRender()] "Fetching Inter font {"style":"italic","weight":"200","subset":"greek-ext"}. This might be caused by loading too many font variations. Read more: https://www.remotion.dev/docs/troubleshooting/font-loading-errors#render-timeout-when-loading-google-fonts" handle was cleared after 19ms
[Tab 2, delayRender()] "Fetching Inter font {"style":"italic","weight":"600","subset":"greek-ext"}. This might be caused by loading too many font variations. Read more: https://www.remotion.dev/docs/troubleshooting/font-loading-errors#render-timeout-when-loading-google-fonts" handle was cleared after 18ms
[Tab 1, delayRender()] "Fetching Inter font {"style":"italic","weight":"600","subset":"cyrillic-ext"}. This might be caused by loading too many font variations. Read more: https://www.remotion.dev/docs/troubleshooting/font-loading-errors#render-timeout-when-loading-google-fonts" handle was cleared after 17ms
[Tab 1, delayRender()] "Fetching Inter font {"style":"italic","weight":"500","subset":"cyrillic-ext"}. This might be caused by loading too many font variations. Read more: https://www.remotion.dev/docs/troubleshooting/font-loading-errors#render-timeout-when-loading-google-fonts" handle was cleared after 17ms
[Tab 2, delayRender()] "Fetching Inter font {"style":"italic","weight":"900","subset":"greek-ext"}. This might be caused by loading too many font variations. Read more: https://www.remotion.dev/docs/troubleshooting/font-loading-errors#render-timeout-when-loading-google-fonts" handle was cleared after 18ms
[Tab 1, delayRender()] "Fetching Inter font {"style":"italic","weight":"200","subset":"cyrillic-ext"}. This might be caused by loading too many font variations. Read more: https://www.remotion.dev/docs/troubleshooting/font-loading-errors#render-timeout-when-loading-google-fonts" handle was cleared after 18ms
[Tab 2, delayRender()] "Fetching Inter font {"style":"italic","weight":"700","subset":"greek-ext"}. This might be caused by loading too many font variations. Read more: https://www.remotion.dev/docs/troubleshooting/font-loading-errors#render-timeout-when-loading-google-fonts" handle was cleared after 18ms
[Tab 1, delayRender()] "Fetching Inter font {"style":"italic","weight":"900","subset":"cyrillic-ext"}. This might be caused by loading too many font variations. Read more: https://www.remotion.dev/docs/troubleshooting/font-loading-errors#render-timeout-when-loading-google-fonts" handle was cleared after 17ms
[Tab 2, delayRender()] "Fetching Inter font {"style":"italic","weight":"300","subset":"greek-ext"}. This might be caused by loading too many font variations. Read more: https://www.remotion.dev/docs/troubleshooting/font-loading-errors#render-timeout-when-loading-google-fonts" handle was cleared after 19ms
[Tab 1, delayRender()] "Fetching Inter font {"style":"italic","weight":"100","subset":"cyrillic-ext"}. This might be caused by loading too many font variations. Read more: https://www.remotion.dev/docs/troubleshooting/font-loading-errors#render-timeout-when-loading-google-fonts" handle was cleared after 19ms
[Tab 1, delayRender()] "Fetching Inter font {"style":"italic","weight":"800","subset":"cyrillic-ext"}. This might be caused by loading too many font variations. Read more: https://www.remotion.dev/docs/troubleshooting/font-loading-errors#render-timeout-when-loading-google-fonts" handle was cleared after 17ms
[Tab 3, delayRender()] "Loading root component - See https://remotion.dev/docs/troubleshooting/loading-root-component if you experience a timeout" handle was cleared after 0ms
[Tab 3, delayRender()] "Fetching Inter font {"style":"italic","weight":"200","subset":"cyrillic"}. This might be caused by loading too many font variations. Read more: https://www.remotion.dev/docs/troubleshooting/font-loading-errors#render-timeout-when-loading-google-fonts" handle was cleared after 12ms
[Tab 3, delayRender()] "Fetching Inter font {"style":"italic","weight":"900","subset":"cyrillic"}. This might be caused by loading too many font variations. Read more: https://www.remotion.dev/docs/troubleshooting/font-loading-errors#render-timeout-when-loading-google-fonts" handle was cleared after 11ms
[Tab 3, delayRender()] "Fetching Inter font {"style":"italic","weight":"800","subset":"cyrillic"}. This might be caused by loading too many font variations. Read more: https://www.remotion.dev/docs/troubleshooting/font-loading-errors#render-timeout-when-loading-google-fonts" handle was cleared after 11ms
[Tab 3, delayRender()] "Fetching Inter font {"style":"italic","weight":"700","subset":"cyrillic"}. This might be caused by loading too many font variations. Read more: https://www.remotion.dev/docs/troubleshooting/font-loading-errors#render-timeout-when-loading-google-fonts" handle was cleared after 11ms
[Tab 3, delayRender()] "Fetching Inter font {"style":"italic","weight":"600","subset":"cyrillic"}. This might be caused by loading too many font variations. Read more: https://www.remotion.dev/docs/troubleshooting/font-loading-errors#render-timeout-when-loading-google-fonts" handle was cleared after 11ms
[Tab 3, delayRender()] "Fetching Inter font {"style":"italic","weight":"500","subset":"cyrillic"}. This might be caused by loading too many font variations. Read more: https://www.remotion.dev/docs/troubleshooting/font-loading-errors#render-timeout-when-loading-google-fonts" handle was cleared after 12ms
[Tab 3, delayRender()] "Fetching Inter font {"style":"italic","weight":"400","subset":"cyrillic"}. This might be caused by loading too many font variations. Read more: https://www.remotion.dev/docs/troubleshooting/font-loading-errors#render-timeout-when-loading-google-fonts" handle was cleared after 12ms
[Tab 3, delayRender()] "Fetching Inter font {"style":"italic","weight":"100","subset":"cyrillic"}. This might be caused by loading too many font variations. Read more: https://www.remotion.dev/docs/troubleshooting/font-loading-errors#render-timeout-when-loading-google-fonts" handle was cleared after 13ms
[Tab 3, delayRender()] "Fetching Inter font {"style":"italic","weight":"300","subset":"cyrillic"}. This might be caused by loading too many font variations. Read more: https://www.remotion.dev/docs/troubleshooting/font-loading-errors#render-timeout-when-loading-google-fonts" handle was cleared after 12ms
[Tab 1, delayRender()] "Fetching Inter font {"style":"italic","weight":"500","subset":"greek-ext"}. This might be caused by loading too many font variations. Read more: https://www.remotion.dev/docs/troubleshooting/font-loading-errors#render-timeout-when-loading-google-fonts" handle was cleared after 23ms
[Tab 3, delayRender()] "Fetching Inter font {"style":"italic","weight":"200","subset":"cyrillic-ext"}. This might be caused by loading too many font variations. Read more: https://www.remotion.dev/docs/troubleshooting/font-loading-errors#render-timeout-when-loading-google-fonts" handle was cleared after 16ms
[Tab 1, delayRender()] "Fetching Inter font {"style":"italic","weight":"800","subset":"greek-ext"}. This might be caused by loading too many font variations. Read more: https://www.remotion.dev/docs/troubleshooting/font-loading-errors#render-timeout-when-loading-google-fonts" handle was cleared after 23ms
[Tab 3, delayRender()] "Fetching Inter font {"style":"italic","weight":"600","subset":"cyrillic-ext"}. This might be caused by loading too many font variations. Read more: https://www.remotion.dev/docs/troubleshooting/font-loading-errors#render-timeout-when-loading-google-fonts" handle was cleared after 15ms
[Tab 1, delayRender()] "Fetching Inter font {"style":"italic","weight":"100","subset":"greek-ext"}. This might be caused by loading too many font variations. Read more: https://www.remotion.dev/docs/troubleshooting/font-loading-errors#render-timeout-when-loading-google-fonts" handle was cleared after 24ms
[Tab 2, delayRender()] "Fetching Inter font {"style":"italic","weight":"200","subset":"vietnamese"}. This might be caused by loading too many font variations. Read more: https://www.remotion.dev/docs/troubleshooting/font-loading-errors#render-timeout-when-loading-google-fonts" handle was cleared after 25ms
[Tab 3, delayRender()] "Fetching Inter font {"style":"italic","weight":"800","subset":"cyrillic-ext"}. This might be caused by loading too many font variations. Read more: https://www.remotion.dev/docs/troubleshooting/font-loading-errors#render-timeout-when-loading-google-fonts" handle was cleared after 15ms
[Tab 3, delayRender()] "Fetching Inter font {"style":"italic","weight":"700","subset":"cyrillic-ext"}. This might be caused by loading too many font variations. Read more: https://www.remotion.dev/docs/troubleshooting/font-loading-errors#render-timeout-when-loading-google-fonts" handle was cleared after 15ms
[Tab 1, delayRender()] "Fetching Inter font {"style":"italic","weight":"400","subset":"greek-ext"}. This might be caused by loading too many font variations. Read more: https://www.remotion.dev/docs/troubleshooting/font-loading-errors#render-timeout-when-loading-google-fonts" handle was cleared after 23ms
[Tab 1, delayRender()] "Fetching Inter font {"style":"italic","weight":"200","subset":"greek-ext"}. This might be caused by loading too many font variations. Read more: https://www.remotion.dev/docs/troubleshooting/font-loading-errors#render-timeout-when-loading-google-fonts" handle was cleared after 24ms
[Tab 2, delayRender()] "Fetching Inter font {"style":"italic","weight":"500","subset":"vietnamese"}. This might be caused by loading too many font variations. Read more: https://www.remotion.dev/docs/troubleshooting/font-loading-errors#render-timeout-when-loading-google-fonts" handle was cleared after 24ms
[Tab 2, delayRender()] "Fetching Inter font {"style":"italic","weight":"600","subset":"vietnamese"}. This might be caused by loading too many font variations. Read more: https://www.remotion.dev/docs/troubleshooting/font-loading-errors#render-timeout-when-loading-google-fonts" handle was cleared after 24ms
[Tab 3, delayRender()] "Fetching Inter font {"style":"italic","weight":"100","subset":"cyrillic-ext"}. This might be caused by loading too many font variations. Read more: https://www.remotion.dev/docs/troubleshooting/font-loading-errors#render-timeout-when-loading-google-fonts" handle was cleared after 17ms
[Tab 1, delayRender()] "Fetching Inter font {"style":"italic","weight":"600","subset":"greek-ext"}. This might be caused by loading too many font variations. Read more: https://www.remotion.dev/docs/troubleshooting/font-loading-errors#render-timeout-when-loading-google-fonts" handle was cleared after 23ms
[Tab 2, delayRender()] "Fetching Inter font {"style":"italic","weight":"700","subset":"vietnamese"}. This might be caused by loading too many font variations. Read more: https://www.remotion.dev/docs/troubleshooting/font-loading-errors#render-timeout-when-loading-google-fonts" handle was cleared after 24ms
[Tab 3, delayRender()] "Fetching Inter font {"style":"italic","weight":"500","subset":"cyrillic-ext"}. This might be caused by loading too many font variations. Read more: https://www.remotion.dev/docs/troubleshooting/font-loading-errors#render-timeout-when-loading-google-fonts" handle was cleared after 16ms
[Tab 3, delayRender()] "Fetching Inter font {"style":"italic","weight":"900","subset":"cyrillic-ext"}. This might be caused by loading too many font variations. Read more: https://www.remotion.dev/docs/troubleshooting/font-loading-errors#render-timeout-when-loading-google-fonts" handle was cleared after 15ms
[Tab 1, delayRender()] "Fetching Inter font {"style":"italic","weight":"900","subset":"greek-ext"}. This might be caused by loading too many font variations. Read more: https://www.remotion.dev/docs/troubleshooting/font-loading-errors#render-timeout-when-loading-google-fonts" handle was cleared after 23ms
[Tab 1, delayRender()] "Fetching Inter font {"style":"italic","weight":"700","subset":"greek-ext"}. This might be caused by loading too many font variations. Read more: https://www.remotion.dev/docs/troubleshooting/font-loading-errors#render-timeout-when-loading-google-fonts" handle was cleared after 23ms
[Tab 2, delayRender()] "Fetching Inter font {"style":"italic","weight":"300","subset":"vietnamese"}. This might be caused by loading too many font variations. Read more: https://www.remotion.dev/docs/troubleshooting/font-loading-errors#render-timeout-when-loading-google-fonts" handle was cleared after 25ms
[Tab 2, delayRender()] "Fetching Inter font {"style":"italic","weight":"400","subset":"vietnamese"}. This might be caused by loading too many font variations. Read more: https://www.remotion.dev/docs/troubleshooting/font-loading-errors#render-timeout-when-loading-google-fonts" handle was cleared after 25ms
[Tab 3, delayRender()] "Fetching Inter font {"style":"italic","weight":"400","subset":"cyrillic-ext"}. This might be caused by loading too many font variations. Read more: https://www.remotion.dev/docs/troubleshooting/font-loading-errors#render-timeout-when-loading-google-fonts" handle was cleared after 16ms
[Tab 1, delayRender()] "Fetching Inter font {"style":"italic","weight":"300","subset":"greek-ext"}. This might be caused by loading too many font variations. Read more: https://www.remotion.dev/docs/troubleshooting/font-loading-errors#render-timeout-when-loading-google-fonts" handle was cleared after 24ms
[Tab 2, delayRender()] "Fetching Inter font {"style":"italic","weight":"900","subset":"vietnamese"}. This might be caused by loading too many font variations. Read more: https://www.remotion.dev/docs/troubleshooting/font-loading-errors#render-timeout-when-loading-google-fonts" handle was cleared after 24ms
[Tab 3, delayRender()] "Fetching Inter font {"style":"italic","weight":"300","subset":"cyrillic-ext"}. This might be caused by loading too many font variations. Read more: https://www.remotion.dev/docs/troubleshooting/font-loading-errors#render-timeout-when-loading-google-fonts" handle was cleared after 16ms
[Tab 2, delayRender()] "Fetching Inter font {"style":"italic","weight":"100","subset":"vietnamese"}. This might be caused by loading too many font variations. Read more: https://www.remotion.dev/docs/troubleshooting/font-loading-errors#render-timeout-when-loading-google-fonts" handle was cleared after 25ms
[Tab 2, delayRender()] "Fetching Inter font {"style":"italic","weight":"800","subset":"vietnamese"}. This might be caused by loading too many font variations. Read more: https://www.remotion.dev/docs/troubleshooting/font-loading-errors#render-timeout-when-loading-google-fonts" handle was cleared after 24ms
[Tab 2, delayRender()] "Fetching Inter font {"style":"italic","weight":"200","subset":"greek"}. This might be caused by loading too many font variations. Read more: https://www.remotion.dev/docs/troubleshooting/font-loading-errors#render-timeout-when-loading-google-fonts" handle was cleared after 25ms
[Tab 2, delayRender()] "Fetching Inter font {"style":"italic","weight":"100","subset":"greek"}. This might be caused by loading too many font variations. Read more: https://www.remotion.dev/docs/troubleshooting/font-loading-errors#render-timeout-when-loading-google-fonts" handle was cleared after 25ms
[Tab 2, delayRender()] "Fetching Inter font {"style":"italic","weight":"300","subset":"greek"}. This might be caused by loading too many font variations. Read more: https://www.remotion.dev/docs/troubleshooting/font-loading-errors#render-timeout-when-loading-google-fonts" handle was cleared after 26ms
[Tab 2, delayRender()] "Fetching Inter font {"style":"italic","weight":"600","subset":"greek"}. This might be caused by loading too many font variations. Read more: https://www.remotion.dev/docs/troubleshooting/font-loading-errors#render-timeout-when-loading-google-fonts" handle was cleared after 25ms
[Tab 2, delayRender()] "Fetching Inter font {"style":"italic","weight":"400","subset":"greek"}. This might be caused by loading too many font variations. Read more: https://www.remotion.dev/docs/troubleshooting/font-loading-errors#render-timeout-when-loading-google-fonts" handle was cleared after 26ms
[Tab 2, delayRender()] "Fetching Inter font {"style":"italic","weight":"900","subset":"greek"}. This might be caused by loading too many font variations. Read more: https://www.remotion.dev/docs/troubleshooting/font-loading-errors#render-timeout-when-loading-google-fonts" handle was cleared after 25ms
[Tab 2, delayRender()] "Fetching Inter font {"style":"italic","weight":"800","subset":"greek"}. This might be caused by loading too many font variations. Read more: https://www.remotion.dev/docs/troubleshooting/font-loading-errors#render-timeout-when-loading-google-fonts" handle was cleared after 25ms
[Tab 2, delayRender()] "Fetching Inter font {"style":"italic","weight":"700","subset":"greek"}. This might be caused by loading too many font variations. Read more: https://www.remotion.dev/docs/troubleshooting/font-loading-errors#render-timeout-when-loading-google-fonts" handle was cleared after 25ms
[Tab 2, delayRender()] "Fetching Inter font {"style":"italic","weight":"500","subset":"greek"}. This might be caused by loading too many font variations. Read more: https://www.remotion.dev/docs/troubleshooting/font-loading-errors#render-timeout-when-loading-google-fonts" handle was cleared after 25ms
[Tab 3, delayRender()] "Fetching Inter font {"style":"italic","weight":"800","subset":"greek-ext"}. This might be caused by loading too many font variations. Read more: https://www.remotion.dev/docs/troubleshooting/font-loading-errors#render-timeout-when-loading-google-fonts" handle was cleared after 17ms
[Tab 3, delayRender()] "Fetching Inter font {"style":"italic","weight":"900","subset":"greek-ext"}. This might be caused by loading too many font variations. Read more: https://www.remotion.dev/docs/troubleshooting/font-loading-errors#render-timeout-when-loading-google-fonts" handle was cleared after 17ms
[Tab 3, delayRender()] "Fetching Inter font {"style":"italic","weight":"200","subset":"greek-ext"}. This might be caused by loading too many font variations. Read more: https://www.remotion.dev/docs/troubleshooting/font-loading-errors#render-timeout-when-loading-google-fonts" handle was cleared after 18ms
[Tab 3, delayRender()] "Fetching Inter font {"style":"italic","weight":"300","subset":"greek-ext"}. This might be caused by loading too many font variations. Read more: https://www.remotion.dev/docs/troubleshooting/font-loading-errors#render-timeout-when-loading-google-fonts" handle was cleared after 18ms
[Tab 3, delayRender()] "Fetching Inter font {"style":"italic","weight":"100","subset":"greek-ext"}. This might be caused by loading too many font variations. Read more: https://www.remotion.dev/docs/troubleshooting/font-loading-errors#render-timeout-when-loading-google-fonts" handle was cleared after 19ms
[Tab 3, delayRender()] "Fetching Inter font {"style":"italic","weight":"500","subset":"greek-ext"}. This might be caused by loading too many font variations. Read more: https://www.remotion.dev/docs/troubleshooting/font-loading-errors#render-timeout-when-loading-google-fonts" handle was cleared after 18ms
[Tab 3, delayRender()] "Fetching Inter font {"style":"italic","weight":"400","subset":"greek-ext"}. This might be caused by loading too many font variations. Read more: https://www.remotion.dev/docs/troubleshooting/font-loading-errors#render-timeout-when-loading-google-fonts" handle was cleared after 18ms
[Tab 3, delayRender()] "Fetching Inter font {"style":"italic","weight":"700","subset":"greek-ext"}. This might be caused by loading too many font variations. Read more: https://www.remotion.dev/docs/troubleshooting/font-loading-errors#render-timeout-when-loading-google-fonts" handle was cleared after 17ms
[Tab 3, delayRender()] "Fetching Inter font {"style":"italic","weight":"600","subset":"greek-ext"}. This might be caused by loading too many font variations. Read more: https://www.remotion.dev/docs/troubleshooting/font-loading-errors#render-timeout-when-loading-google-fonts" handle was cleared after 17ms
[Tab 1, delayRender()] "Fetching Inter font {"style":"italic","weight":"200","subset":"vietnamese"}. This might be caused by loading too many font variations. Read more: https://www.remotion.dev/docs/troubleshooting/font-loading-errors#render-timeout-when-loading-google-fonts" handle was cleared after 27ms
[Tab 1, delayRender()] "Fetching Inter font {"style":"italic","weight":"500","subset":"vietnamese"}. This might be caused by loading too many font variations. Read more: https://www.remotion.dev/docs/troubleshooting/font-loading-errors#render-timeout-when-loading-google-fonts" handle was cleared after 26ms
[Tab 1, delayRender()] "Fetching Inter font {"style":"italic","weight":"600","subset":"vietnamese"}. This might be caused by loading too many font variations. Read more: https://www.remotion.dev/docs/troubleshooting/font-loading-errors#render-timeout-when-loading-google-fonts" handle was cleared after 26ms
[Tab 1, delayRender()] "Fetching Inter font {"style":"italic","weight":"700","subset":"vietnamese"}. This might be caused by loading too many font variations. Read more: https://www.remotion.dev/docs/troubleshooting/font-loading-errors#render-timeout-when-loading-google-fonts" handle was cleared after 26ms
[Tab 1, delayRender()] "Fetching Inter font {"style":"italic","weight":"300","subset":"vietnamese"}. This might be caused by loading too many font variations. Read more: https://www.remotion.dev/docs/troubleshooting/font-loading-errors#render-timeout-when-loading-google-fonts" handle was cleared after 27ms
[Tab 1, delayRender()] "Fetching Inter font {"style":"italic","weight":"400","subset":"vietnamese"}. This might be caused by loading too many font variations. Read more: https://www.remotion.dev/docs/troubleshooting/font-loading-errors#render-timeout-when-loading-google-fonts" handle was cleared after 26ms
[Tab 1, delayRender()] "Fetching Inter font {"style":"italic","weight":"900","subset":"vietnamese"}. This might be caused by loading too many font variations. Read more: https://www.remotion.dev/docs/troubleshooting/font-loading-errors#render-timeout-when-loading-google-fonts" handle was cleared after 26ms
[Tab 1, delayRender()] "Fetching Inter font {"style":"italic","weight":"100","subset":"vietnamese"}. This might be caused by loading too many font variations. Read more: https://www.remotion.dev/docs/troubleshooting/font-loading-errors#render-timeout-when-loading-google-fonts" handle was cleared after 27ms
[Tab 1, delayRender()] "Fetching Inter font {"style":"italic","weight":"800","subset":"vietnamese"}. This might be caused by loading too many font variations. Read more: https://www.remotion.dev/docs/troubleshooting/font-loading-errors#render-timeout-when-loading-google-fonts" handle was cleared after 26ms
[Tab 1, delayRender()] "Fetching Inter font {"style":"italic","weight":"200","subset":"greek"}. This might be caused by loading too many font variations. Read more: https://www.remotion.dev/docs/troubleshooting/font-loading-errors#render-timeout-when-loading-google-fonts" handle was cleared after 27ms
[Tab 1, delayRender()] "Fetching Inter font {"style":"italic","weight":"100","subset":"greek"}. This might be caused by loading too many font variations. Read more: https://www.remotion.dev/docs/troubleshooting/font-loading-errors#render-timeout-when-loading-google-fonts" handle was cleared after 27ms
[Tab 1, delayRender()] "Fetching Inter font {"style":"italic","weight":"300","subset":"greek"}. This might be caused by loading too many font variations. Read more: https://www.remotion.dev/docs/troubleshooting/font-loading-errors#render-timeout-when-loading-google-fonts" handle was cleared after 27ms
[Tab 1, delayRender()] "Fetching Inter font {"style":"italic","weight":"600","subset":"greek"}. This might be caused by loading too many font variations. Read more: https://www.remotion.dev/docs/troubleshooting/font-loading-errors#render-timeout-when-loading-google-fonts" handle was cleared after 26ms
[Tab 1, delayRender()] "Fetching Inter font {"style":"italic","weight":"400","subset":"greek"}. This might be caused by loading too many font variations. Read more: https://www.remotion.dev/docs/troubleshooting/font-loading-errors#render-timeout-when-loading-google-fonts" handle was cleared after 26ms
[Tab 1, delayRender()] "Fetching Inter font {"style":"italic","weight":"900","subset":"greek"}. This might be caused by loading too many font variations. Read more: https://www.remotion.dev/docs/troubleshooting/font-loading-errors#render-timeout-when-loading-google-fonts" handle was cleared after 26ms
[Tab 1, delayRender()] "Fetching Inter font {"style":"italic","weight":"800","subset":"greek"}. This might be caused by loading too many font variations. Read more: https://www.remotion.dev/docs/troubleshooting/font-loading-errors#render-timeout-when-loading-google-fonts" handle was cleared after 26ms
[Tab 1, delayRender()] "Fetching Inter font {"style":"italic","weight":"700","subset":"greek"}. This might be caused by loading too many font variations. Read more: https://www.remotion.dev/docs/troubleshooting/font-loading-errors#render-timeout-when-loading-google-fonts" handle was cleared after 26ms
[Tab 1, delayRender()] "Fetching Inter font {"style":"italic","weight":"500","subset":"greek"}. This might be caused by loading too many font variations. Read more: https://www.remotion.dev/docs/troubleshooting/font-loading-errors#render-timeout-when-loading-google-fonts" handle was cleared after 26ms
[Tab 3, delayRender()] "Fetching Inter font {"style":"italic","weight":"400","subset":"greek"}. This might be caused by loading too many font variations. Read more: https://www.remotion.dev/docs/troubleshooting/font-loading-errors#render-timeout-when-loading-google-fonts" handle was cleared after 20ms
[Tab 3, delayRender()] "Fetching Inter font {"style":"italic","weight":"200","subset":"greek"}. This might be caused by loading too many font variations. Read more: https://www.remotion.dev/docs/troubleshooting/font-loading-errors#render-timeout-when-loading-google-fonts" handle was cleared after 20ms
[Tab 3, delayRender()] "Fetching Inter font {"style":"italic","weight":"600","subset":"greek"}. This might be caused by loading too many font variations. Read more: https://www.remotion.dev/docs/troubleshooting/font-loading-errors#render-timeout-when-loading-google-fonts" handle was cleared after 19ms
[Tab 3, delayRender()] "Fetching Inter font {"style":"italic","weight":"700","subset":"greek"}. This might be caused by loading too many font variations. Read more: https://www.remotion.dev/docs/troubleshooting/font-loading-errors#render-timeout-when-loading-google-fonts" handle was cleared after 19ms
[Tab 3, delayRender()] "Fetching Inter font {"style":"italic","weight":"500","subset":"greek"}. This might be caused by loading too many font variations. Read more: https://www.remotion.dev/docs/troubleshooting/font-loading-errors#render-timeout-when-loading-google-fonts" handle was cleared after 19ms
[Tab 3, delayRender()] "Fetching Inter font {"style":"italic","weight":"300","subset":"greek"}. This might be caused by loading too many font variations. Read more: https://www.remotion.dev/docs/troubleshooting/font-loading-errors#render-timeout-when-loading-google-fonts" handle was cleared after 20ms
[Tab 3, delayRender()] "Fetching Inter font {"style":"italic","weight":"100","subset":"greek"}. This might be caused by loading too many font variations. Read more: https://www.remotion.dev/docs/troubleshooting/font-loading-errors#render-timeout-when-loading-google-fonts" handle was cleared after 20ms
[Tab 3, delayRender()] "Fetching Inter font {"style":"italic","weight":"900","subset":"greek"}. This might be caused by loading too many font variations. Read more: https://www.remotion.dev/docs/troubleshooting/font-loading-errors#render-timeout-when-loading-google-fonts" handle was cleared after 19ms
[Tab 3, delayRender()] "Fetching Inter font {"style":"italic","weight":"800","subset":"greek"}. This might be caused by loading too many font variations. Read more: https://www.remotion.dev/docs/troubleshooting/font-loading-errors#render-timeout-when-loading-google-fonts" handle was cleared after 19ms
[Tab 2, delayRender()] "Fetching Inter font {"style":"normal","weight":"100","subset":"cyrillic-ext"}. This might be caused by loading too many font variations. Read more: https://www.remotion.dev/docs/troubleshooting/font-loading-errors#render-timeout-when-loading-google-fonts" handle was cleared after 28ms
[Tab 2, delayRender()] "Fetching Inter font {"style":"normal","weight":"300","subset":"cyrillic-ext"}. This might be caused by loading too many font variations. Read more: https://www.remotion.dev/docs/troubleshooting/font-loading-errors#render-timeout-when-loading-google-fonts" handle was cleared after 28ms
[Tab 2, delayRender()] "Fetching Inter font {"style":"normal","weight":"800","subset":"cyrillic-ext"}. This might be caused by loading too many font variations. Read more: https://www.remotion.dev/docs/troubleshooting/font-loading-errors#render-timeout-when-loading-google-fonts" handle was cleared after 26ms
[Tab 2, delayRender()] "Fetching Inter font {"style":"normal","weight":"600","subset":"cyrillic-ext"}. This might be caused by loading too many font variations. Read more: https://www.remotion.dev/docs/troubleshooting/font-loading-errors#render-timeout-when-loading-google-fonts" handle was cleared after 27ms
[Tab 2, delayRender()] "Fetching Inter font {"style":"normal","weight":"700","subset":"cyrillic-ext"}. This might be caused by loading too many font variations. Read more: https://www.remotion.dev/docs/troubleshooting/font-loading-errors#render-timeout-when-loading-google-fonts" handle was cleared after 27ms
[Tab 2, delayRender()] "Fetching Inter font {"style":"normal","weight":"400","subset":"cyrillic-ext"}. This might be caused by loading too many font variations. Read more: https://www.remotion.dev/docs/troubleshooting/font-loading-errors#render-timeout-when-loading-google-fonts" handle was cleared after 27ms
[Tab 2, delayRender()] "Fetching Inter font {"style":"normal","weight":"500","subset":"cyrillic-ext"}. This might be caused by loading too many font variations. Read more: https://www.remotion.dev/docs/troubleshooting/font-loading-errors#render-timeout-when-loading-google-fonts" handle was cleared after 27ms
[Tab 2, delayRender()] "Fetching Inter font {"style":"normal","weight":"200","subset":"cyrillic-ext"}. This might be caused by loading too many font variations. Read more: https://www.remotion.dev/docs/troubleshooting/font-loading-errors#render-timeout-when-loading-google-fonts" handle was cleared after 28ms
[Tab 2, delayRender()] "Fetching Inter font {"style":"normal","weight":"900","subset":"cyrillic-ext"}. This might be caused by loading too many font variations. Read more: https://www.remotion.dev/docs/troubleshooting/font-loading-errors#render-timeout-when-loading-google-fonts" handle was cleared after 26ms
[Tab 2, delayRender()] "Fetching Inter font {"style":"normal","weight":"100","subset":"greek-ext"}. This might be caused by loading too many font variations. Read more: https://www.remotion.dev/docs/troubleshooting/font-loading-errors#render-timeout-when-loading-google-fonts" handle was cleared after 28ms
[Tab 2, delayRender()] "Fetching Inter font {"style":"normal","weight":"600","subset":"greek-ext"}. This might be caused by loading too many font variations. Read more: https://www.remotion.dev/docs/troubleshooting/font-loading-errors#render-timeout-when-loading-google-fonts" handle was cleared after 27ms
[Tab 2, delayRender()] "Fetching Inter font {"style":"normal","weight":"500","subset":"greek-ext"}. This might be caused by loading too many font variations. Read more: https://www.remotion.dev/docs/troubleshooting/font-loading-errors#render-timeout-when-loading-google-fonts" handle was cleared after 27ms
[Tab 2, delayRender()] "Fetching Inter font {"style":"normal","weight":"200","subset":"greek-ext"}. This might be caused by loading too many font variations. Read more: https://www.remotion.dev/docs/troubleshooting/font-loading-errors#render-timeout-when-loading-google-fonts" handle was cleared after 28ms
[Tab 2, delayRender()] "Fetching Inter font {"style":"normal","weight":"700","subset":"greek-ext"}. This might be caused by loading too many font variations. Read more: https://www.remotion.dev/docs/troubleshooting/font-loading-errors#render-timeout-when-loading-google-fonts" handle was cleared after 26ms
[Tab 2, delayRender()] "Fetching Inter font {"style":"normal","weight":"400","subset":"greek-ext"}. This might be caused by loading too many font variations. Read more: https://www.remotion.dev/docs/troubleshooting/font-loading-errors#render-timeout-when-loading-google-fonts" handle was cleared after 27ms
[Tab 2, delayRender()] "Fetching Inter font {"style":"normal","weight":"300","subset":"greek-ext"}. This might be caused by loading too many font variations. Read more: https://www.remotion.dev/docs/troubleshooting/font-loading-errors#render-timeout-when-loading-google-fonts" handle was cleared after 28ms
[Tab 2, delayRender()] "Fetching Inter font {"style":"normal","weight":"800","subset":"greek-ext"}. This might be caused by loading too many font variations. Read more: https://www.remotion.dev/docs/troubleshooting/font-loading-errors#render-timeout-when-loading-google-fonts" handle was cleared after 26ms
[Tab 2, delayRender()] "Fetching Inter font {"style":"normal","weight":"900","subset":"greek-ext"}. This might be caused by loading too many font variations. Read more: https://www.remotion.dev/docs/troubleshooting/font-loading-errors#render-timeout-when-loading-google-fonts" handle was cleared after 26ms
[Tab 2, delayRender()] "Fetching Inter font {"style":"normal","weight":"100","subset":"cyrillic"}. This might be caused by loading too many font variations. Read more: https://www.remotion.dev/docs/troubleshooting/font-loading-errors#render-timeout-when-loading-google-fonts" handle was cleared after 29ms
[Tab 2, delayRender()] "Fetching Inter font {"style":"normal","weight":"800","subset":"cyrillic"}. This might be caused by loading too many font variations. Read more: https://www.remotion.dev/docs/troubleshooting/font-loading-errors#render-timeout-when-loading-google-fonts" handle was cleared after 27ms
[Tab 2, delayRender()] "Fetching Inter font {"style":"normal","weight":"300","subset":"cyrillic"}. This might be caused by loading too many font variations. Read more: https://www.remotion.dev/docs/troubleshooting/font-loading-errors#render-timeout-when-loading-google-fonts" handle was cleared after 29ms
[Tab 2, delayRender()] "Fetching Inter font {"style":"normal","weight":"900","subset":"cyrillic"}. This might be caused by loading too many font variations. Read more: https://www.remotion.dev/docs/troubleshooting/font-loading-errors#render-timeout-when-loading-google-fonts" handle was cleared after 27ms
[Tab 2, delayRender()] "Fetching Inter font {"style":"normal","weight":"400","subset":"cyrillic"}. This might be caused by loading too many font variations. Read more: https://www.remotion.dev/docs/troubleshooting/font-loading-errors#render-timeout-when-loading-google-fonts" handle was cleared after 28ms
[Tab 2, delayRender()] "Fetching Inter font {"style":"normal","weight":"200","subset":"cyrillic"}. This might be caused by loading too many font variations. Read more: https://www.remotion.dev/docs/troubleshooting/font-loading-errors#render-timeout-when-loading-google-fonts" handle was cleared after 29ms
[Tab 2, delayRender()] "Fetching Inter font {"style":"normal","weight":"500","subset":"cyrillic"}. This might be caused by loading too many font variations. Read more: https://www.remotion.dev/docs/troubleshooting/font-loading-errors#render-timeout-when-loading-google-fonts" handle was cleared after 28ms
[Tab 2, delayRender()] "Fetching Inter font {"style":"normal","weight":"600","subset":"cyrillic"}. This might be caused by loading too many font variations. Read more: https://www.remotion.dev/docs/troubleshooting/font-loading-errors#render-timeout-when-loading-google-fonts" handle was cleared after 28ms
[Tab 2, delayRender()] "Fetching Inter font {"style":"normal","weight":"700","subset":"cyrillic"}. This might be caused by loading too many font variations. Read more: https://www.remotion.dev/docs/troubleshooting/font-loading-errors#render-timeout-when-loading-google-fonts" handle was cleared after 27ms
[Tab 1, delayRender()] "Fetching Inter font {"style":"normal","weight":"100","subset":"cyrillic-ext"}. This might be caused by loading too many font variations. Read more: https://www.remotion.dev/docs/troubleshooting/font-loading-errors#render-timeout-when-loading-google-fonts" handle was cleared after 28ms
[Tab 1, delayRender()] "Fetching Inter font {"style":"normal","weight":"300","subset":"cyrillic-ext"}. This might be caused by loading too many font variations. Read more: https://www.remotion.dev/docs/troubleshooting/font-loading-errors#render-timeout-when-loading-google-fonts" handle was cleared after 28ms
[Tab 1, delayRender()] "Fetching Inter font {"style":"normal","weight":"800","subset":"cyrillic-ext"}. This might be caused by loading too many font variations. Read more: https://www.remotion.dev/docs/troubleshooting/font-loading-errors#render-timeout-when-loading-google-fonts" handle was cleared after 26ms
[Tab 1, delayRender()] "Fetching Inter font {"style":"normal","weight":"600","subset":"cyrillic-ext"}. This might be caused by loading too many font variations. Read more: https://www.remotion.dev/docs/troubleshooting/font-loading-errors#render-timeout-when-loading-google-fonts" handle was cleared after 27ms
[Tab 1, delayRender()] "Fetching Inter font {"style":"normal","weight":"700","subset":"cyrillic-ext"}. This might be caused by loading too many font variations. Read more: https://www.remotion.dev/docs/troubleshooting/font-loading-errors#render-timeout-when-loading-google-fonts" handle was cleared after 26ms
[Tab 1, delayRender()] "Fetching Inter font {"style":"normal","weight":"400","subset":"cyrillic-ext"}. This might be caused by loading too many font variations. Read more: https://www.remotion.dev/docs/troubleshooting/font-loading-errors#render-timeout-when-loading-google-fonts" handle was cleared after 27ms
[Tab 1, delayRender()] "Fetching Inter font {"style":"normal","weight":"500","subset":"cyrillic-ext"}. This might be caused by loading too many font variations. Read more: https://www.remotion.dev/docs/troubleshooting/font-loading-errors#render-timeout-when-loading-google-fonts" handle was cleared after 27ms
[Tab 1, delayRender()] "Fetching Inter font {"style":"normal","weight":"200","subset":"cyrillic-ext"}. This might be caused by loading too many font variations. Read more: https://www.remotion.dev/docs/troubleshooting/font-loading-errors#render-timeout-when-loading-google-fonts" handle was cleared after 28ms
[Tab 1, delayRender()] "Fetching Inter font {"style":"normal","weight":"900","subset":"cyrillic-ext"}. This might be caused by loading too many font variations. Read more: https://www.remotion.dev/docs/troubleshooting/font-loading-errors#render-timeout-when-loading-google-fonts" handle was cleared after 26ms
[Tab 1, delayRender()] "Fetching Inter font {"style":"normal","weight":"100","subset":"cyrillic"}. This might be caused by loading too many font variations. Read more: https://www.remotion.dev/docs/troubleshooting/font-loading-errors#render-timeout-when-loading-google-fonts" handle was cleared after 29ms
[Tab 1, delayRender()] "Fetching Inter font {"style":"normal","weight":"800","subset":"cyrillic"}. This might be caused by loading too many font variations. Read more: https://www.remotion.dev/docs/troubleshooting/font-loading-errors#render-timeout-when-loading-google-fonts" handle was cleared after 27ms
[Tab 1, delayRender()] "Fetching Inter font {"style":"normal","weight":"300","subset":"cyrillic"}. This might be caused by loading too many font variations. Read more: https://www.remotion.dev/docs/troubleshooting/font-loading-errors#render-timeout-when-loading-google-fonts" handle was cleared after 29ms
[Tab 1, delayRender()] "Fetching Inter font {"style":"normal","weight":"900","subset":"cyrillic"}. This might be caused by loading too many font variations. Read more: https://www.remotion.dev/docs/troubleshooting/font-loading-errors#render-timeout-when-loading-google-fonts" handle was cleared after 27ms
[Tab 1, delayRender()] "Fetching Inter font {"style":"normal","weight":"400","subset":"cyrillic"}. This might be caused by loading too many font variations. Read more: https://www.remotion.dev/docs/troubleshooting/font-loading-errors#render-timeout-when-loading-google-fonts" handle was cleared after 28ms
[Tab 1, delayRender()] "Fetching Inter font {"style":"normal","weight":"200","subset":"cyrillic"}. This might be caused by loading too many font variations. Read more: https://www.remotion.dev/docs/troubleshooting/font-loading-errors#render-timeout-when-loading-google-fonts" handle was cleared after 29ms
[Tab 1, delayRender()] "Fetching Inter font {"style":"normal","weight":"500","subset":"cyrillic"}. This might be caused by loading too many font variations. Read more: https://www.remotion.dev/docs/troubleshooting/font-loading-errors#render-timeout-when-loading-google-fonts" handle was cleared after 28ms
[Tab 1, delayRender()] "Fetching Inter font {"style":"normal","weight":"600","subset":"cyrillic"}. This might be caused by loading too many font variations. Read more: https://www.remotion.dev/docs/troubleshooting/font-loading-errors#render-timeout-when-loading-google-fonts" handle was cleared after 28ms
[Tab 1, delayRender()] "Fetching Inter font {"style":"normal","weight":"700","subset":"cyrillic"}. This might be caused by loading too many font variations. Read more: https://www.remotion.dev/docs/troubleshooting/font-loading-errors#render-timeout-when-loading-google-fonts" handle was cleared after 27ms
[Tab 2, delayRender()] "Fetching Inter font {"style":"italic","weight":"500","subset":"latin"}. This might be caused by loading too many font variations. Read more: https://www.remotion.dev/docs/troubleshooting/font-loading-errors#render-timeout-when-loading-google-fonts" handle was cleared after 32ms
[Tab 2, delayRender()] "Fetching Inter font {"style":"italic","weight":"600","subset":"latin"}. This might be caused by loading too many font variations. Read more: https://www.remotion.dev/docs/troubleshooting/font-loading-errors#render-timeout-when-loading-google-fonts" handle was cleared after 32ms
[Tab 2, delayRender()] "Fetching Inter font {"style":"italic","weight":"900","subset":"latin"}. This might be caused by loading too many font variations. Read more: https://www.remotion.dev/docs/troubleshooting/font-loading-errors#render-timeout-when-loading-google-fonts" handle was cleared after 32ms
[Tab 2, delayRender()] "Fetching Inter font {"style":"italic","weight":"300","subset":"latin"}. This might be caused by loading too many font variations. Read more: https://www.remotion.dev/docs/troubleshooting/font-loading-errors#render-timeout-when-loading-google-fonts" handle was cleared after 33ms
[Tab 2, delayRender()] "Fetching Inter font {"style":"italic","weight":"400","subset":"latin"}. This might be caused by loading too many font variations. Read more: https://www.remotion.dev/docs/troubleshooting/font-loading-errors#render-timeout-when-loading-google-fonts" handle was cleared after 32ms
[Tab 2, delayRender()] "Fetching Inter font {"style":"italic","weight":"100","subset":"latin"}. This might be caused by loading too many font variations. Read more: https://www.remotion.dev/docs/troubleshooting/font-loading-errors#render-timeout-when-loading-google-fonts" handle was cleared after 33ms
[Tab 2, delayRender()] "Fetching Inter font {"style":"italic","weight":"800","subset":"latin"}. This might be caused by loading too many font variations. Read more: https://www.remotion.dev/docs/troubleshooting/font-loading-errors#render-timeout-when-loading-google-fonts" handle was cleared after 32ms
[Tab 2, delayRender()] "Fetching Inter font {"style":"italic","weight":"700","subset":"latin"}. This might be caused by loading too many font variations. Read more: https://www.remotion.dev/docs/troubleshooting/font-loading-errors#render-timeout-when-loading-google-fonts" handle was cleared after 32ms
[Tab 2, delayRender()] "Fetching Inter font {"style":"italic","weight":"200","subset":"latin"}. This might be caused by loading too many font variations. Read more: https://www.remotion.dev/docs/troubleshooting/font-loading-errors#render-timeout-when-loading-google-fonts" handle was cleared after 33ms
[Tab 3, delayRender()] "Fetching Inter font {"style":"italic","weight":"600","subset":"vietnamese"}. This might be caused by loading too many font variations. Read more: https://www.remotion.dev/docs/troubleshooting/font-loading-errors#render-timeout-when-loading-google-fonts" handle was cleared after 23ms
[Tab 3, delayRender()] "Fetching Inter font {"style":"italic","weight":"900","subset":"vietnamese"}. This might be caused by loading too many font variations. Read more: https://www.remotion.dev/docs/troubleshooting/font-loading-errors#render-timeout-when-loading-google-fonts" handle was cleared after 23ms
[Tab 3, delayRender()] "Fetching Inter font {"style":"italic","weight":"200","subset":"vietnamese"}. This might be caused by loading too many font variations. Read more: https://www.remotion.dev/docs/troubleshooting/font-loading-errors#render-timeout-when-loading-google-fonts" handle was cleared after 24ms
[Tab 3, delayRender()] "Fetching Inter font {"style":"italic","weight":"800","subset":"vietnamese"}. This might be caused by loading too many font variations. Read more: https://www.remotion.dev/docs/troubleshooting/font-loading-errors#render-timeout-when-loading-google-fonts" handle was cleared after 23ms
[Tab 3, delayRender()] "Fetching Inter font {"style":"italic","weight":"300","subset":"vietnamese"}. This might be caused by loading too many font variations. Read more: https://www.remotion.dev/docs/troubleshooting/font-loading-errors#render-timeout-when-loading-google-fonts" handle was cleared after 24ms
[Tab 3, delayRender()] "Fetching Inter font {"style":"italic","weight":"400","subset":"vietnamese"}. This might be caused by loading too many font variations. Read more: https://www.remotion.dev/docs/troubleshooting/font-loading-errors#render-timeout-when-loading-google-fonts" handle was cleared after 24ms
[Tab 3, delayRender()] "Fetching Inter font {"style":"italic","weight":"500","subset":"vietnamese"}. This might be caused by loading too many font variations. Read more: https://www.remotion.dev/docs/troubleshooting/font-loading-errors#render-timeout-when-loading-google-fonts" handle was cleared after 23ms
[Tab 3, delayRender()] "Fetching Inter font {"style":"italic","weight":"100","subset":"vietnamese"}. This might be caused by loading too many font variations. Read more: https://www.remotion.dev/docs/troubleshooting/font-loading-errors#render-timeout-when-loading-google-fonts" handle was cleared after 24ms
[Tab 3, delayRender()] "Fetching Inter font {"style":"italic","weight":"700","subset":"vietnamese"}. This might be caused by loading too many font variations. Read more: https://www.remotion.dev/docs/troubleshooting/font-loading-errors#render-timeout-when-loading-google-fonts" handle was cleared after 23ms
[Tab 2, delayRender()] "Fetching Inter font {"style":"italic","weight":"200","subset":"latin-ext"}. This might be caused by loading too many font variations. Read more: https://www.remotion.dev/docs/troubleshooting/font-loading-errors#render-timeout-when-loading-google-fonts" handle was cleared after 34ms
[Tab 2, delayRender()] "Fetching Inter font {"style":"italic","weight":"800","subset":"latin-ext"}. This might be caused by loading too many font variations. Read more: https://www.remotion.dev/docs/troubleshooting/font-loading-errors#render-timeout-when-loading-google-fonts" handle was cleared after 33ms
[Tab 2, delayRender()] "Fetching Inter font {"style":"italic","weight":"400","subset":"latin-ext"}. This might be caused by loading too many font variations. Read more: https://www.remotion.dev/docs/troubleshooting/font-loading-errors#render-timeout-when-loading-google-fonts" handle was cleared after 34ms
[Tab 2, delayRender()] "Fetching Inter font {"style":"italic","weight":"100","subset":"latin-ext"}. This might be caused by loading too many font variations. Read more: https://www.remotion.dev/docs/troubleshooting/font-loading-errors#render-timeout-when-loading-google-fonts" handle was cleared after 34ms
[Tab 2, delayRender()] "Fetching Inter font {"style":"italic","weight":"900","subset":"latin-ext"}. This might be caused by loading too many font variations. Read more: https://www.remotion.dev/docs/troubleshooting/font-loading-errors#render-timeout-when-loading-google-fonts" handle was cleared after 33ms
[Tab 2, delayRender()] "Fetching Inter font {"style":"italic","weight":"300","subset":"latin-ext"}. This might be caused by loading too many font variations. Read more: https://www.remotion.dev/docs/troubleshooting/font-loading-errors#render-timeout-when-loading-google-fonts" handle was cleared after 34ms
[Tab 2, delayRender()] "Fetching Inter font {"style":"italic","weight":"500","subset":"latin-ext"}. This might be caused by loading too many font variations. Read more: https://www.remotion.dev/docs/troubleshooting/font-loading-errors#render-timeout-when-loading-google-fonts" handle was cleared after 33ms
[Tab 2, delayRender()] "Fetching Inter font {"style":"italic","weight":"600","subset":"latin-ext"}. This might be caused by loading too many font variations. Read more: https://www.remotion.dev/docs/troubleshooting/font-loading-errors#render-timeout-when-loading-google-fonts" handle was cleared after 33ms
[Tab 2, delayRender()] "Fetching Inter font {"style":"italic","weight":"700","subset":"latin-ext"}. This might be caused by loading too many font variations. Read more: https://www.remotion.dev/docs/troubleshooting/font-loading-errors#render-timeout-when-loading-google-fonts" handle was cleared after 33ms
[Tab 1, delayRender()] "Fetching Inter font {"style":"italic","weight":"500","subset":"latin"}. This might be caused by loading too many font variations. Read more: https://www.remotion.dev/docs/troubleshooting/font-loading-errors#render-timeout-when-loading-google-fonts" handle was cleared after 32ms
[Tab 1, delayRender()] "Fetching Inter font {"style":"italic","weight":"600","subset":"latin"}. This might be caused by loading too many font variations. Read more: https://www.remotion.dev/docs/troubleshooting/font-loading-errors#render-timeout-when-loading-google-fonts" handle was cleared after 32ms
[Tab 1, delayRender()] "Fetching Inter font {"style":"italic","weight":"900","subset":"latin"}. This might be caused by loading too many font variations. Read more: https://www.remotion.dev/docs/troubleshooting/font-loading-errors#render-timeout-when-loading-google-fonts" handle was cleared after 32ms
[Tab 1, delayRender()] "Fetching Inter font {"style":"italic","weight":"300","subset":"latin"}. This might be caused by loading too many font variations. Read more: https://www.remotion.dev/docs/troubleshooting/font-loading-errors#render-timeout-when-loading-google-fonts" handle was cleared after 33ms
[Tab 1, delayRender()] "Fetching Inter font {"style":"italic","weight":"400","subset":"latin"}. This might be caused by loading too many font variations. Read more: https://www.remotion.dev/docs/troubleshooting/font-loading-errors#render-timeout-when-loading-google-fonts" handle was cleared after 32ms
[Tab 1, delayRender()] "Fetching Inter font {"style":"italic","weight":"100","subset":"latin"}. This might be caused by loading too many font variations. Read more: https://www.remotion.dev/docs/troubleshooting/font-loading-errors#render-timeout-when-loading-google-fonts" handle was cleared after 33ms
[Tab 1, delayRender()] "Fetching Inter font {"style":"italic","weight":"800","subset":"latin"}. This might be caused by loading too many font variations. Read more: https://www.remotion.dev/docs/troubleshooting/font-loading-errors#render-timeout-when-loading-google-fonts" handle was cleared after 32ms
[Tab 1, delayRender()] "Fetching Inter font {"style":"italic","weight":"700","subset":"latin"}. This might be caused by loading too many font variations. Read more: https://www.remotion.dev/docs/troubleshooting/font-loading-errors#render-timeout-when-loading-google-fonts" handle was cleared after 32ms
[Tab 1, delayRender()] "Fetching Inter font {"style":"italic","weight":"200","subset":"latin"}. This might be caused by loading too many font variations. Read more: https://www.remotion.dev/docs/troubleshooting/font-loading-errors#render-timeout-when-loading-google-fonts" handle was cleared after 33ms
[Tab 3, delayRender()] "Fetching Inter font {"style":"italic","weight":"900","subset":"latin"}. This might be caused by loading too many font variations. Read more: https://www.remotion.dev/docs/troubleshooting/font-loading-errors#render-timeout-when-loading-google-fonts" handle was cleared after 24ms
[Tab 3, delayRender()] "Fetching Inter font {"style":"italic","weight":"200","subset":"latin"}. This might be caused by loading too many font variations. Read more: https://www.remotion.dev/docs/troubleshooting/font-loading-errors#render-timeout-when-loading-google-fonts" handle was cleared after 25ms
[Tab 3, delayRender()] "Fetching Inter font {"style":"italic","weight":"500","subset":"latin"}. This might be caused by loading too many font variations. Read more: https://www.remotion.dev/docs/troubleshooting/font-loading-errors#render-timeout-when-loading-google-fonts" handle was cleared after 24ms
[Tab 3, delayRender()] "Fetching Inter font {"style":"italic","weight":"700","subset":"latin"}. This might be caused by loading too many font variations. Read more: https://www.remotion.dev/docs/troubleshooting/font-loading-errors#render-timeout-when-loading-google-fonts" handle was cleared after 24ms
[Tab 3, delayRender()] "Fetching Inter font {"style":"italic","weight":"300","subset":"latin"}. This might be caused by loading too many font variations. Read more: https://www.remotion.dev/docs/troubleshooting/font-loading-errors#render-timeout-when-loading-google-fonts" handle was cleared after 25ms
[Tab 3, delayRender()] "Fetching Inter font {"style":"italic","weight":"400","subset":"latin"}. This might be caused by loading too many font variations. Read more: https://www.remotion.dev/docs/troubleshooting/font-loading-errors#render-timeout-when-loading-google-fonts" handle was cleared after 26ms
[Tab 3, delayRender()] "Fetching Inter font {"style":"italic","weight":"100","subset":"latin"}. This might be caused by loading too many font variations. Read more: https://www.remotion.dev/docs/troubleshooting/font-loading-errors#render-timeout-when-loading-google-fonts" handle was cleared after 26ms
[Tab 3, delayRender()] "Fetching Inter font {"style":"italic","weight":"800","subset":"latin"}. This might be caused by loading too many font variations. Read more: https://www.remotion.dev/docs/troubleshooting/font-loading-errors#render-timeout-when-loading-google-fonts" handle was cleared after 25ms
[Tab 3, delayRender()] "Fetching Inter font {"style":"italic","weight":"600","subset":"latin"}. This might be caused by loading too many font variations. Read more: https://www.remotion.dev/docs/troubleshooting/font-loading-errors#render-timeout-when-loading-google-fonts" handle was cleared after 25ms
[Tab 1, delayRender()] "Fetching Inter font {"style":"normal","weight":"100","subset":"greek-ext"}. This might be caused by loading too many font variations. Read more: https://www.remotion.dev/docs/troubleshooting/font-loading-errors#render-timeout-when-loading-google-fonts" handle was cleared after 32ms
[Tab 1, delayRender()] "Fetching Inter font {"style":"normal","weight":"600","subset":"greek-ext"}. This might be caused by loading too many font variations. Read more: https://www.remotion.dev/docs/troubleshooting/font-loading-errors#render-timeout-when-loading-google-fonts" handle was cleared after 31ms
[Tab 3, delayRender()] "Fetching Inter font {"style":"normal","weight":"500","subset":"cyrillic-ext"}. This might be caused by loading too many font variations. Read more: https://www.remotion.dev/docs/troubleshooting/font-loading-errors#render-timeout-when-loading-google-fonts" handle was cleared after 22ms
[Tab 1, delayRender()] "Fetching Inter font {"style":"normal","weight":"500","subset":"greek-ext"}. This might be caused by loading too many font variations. Read more: https://www.remotion.dev/docs/troubleshooting/font-loading-errors#render-timeout-when-loading-google-fonts" handle was cleared after 31ms
[Tab 3, delayRender()] "Fetching Inter font {"style":"normal","weight":"900","subset":"cyrillic-ext"}. This might be caused by loading too many font variations. Read more: https://www.remotion.dev/docs/troubleshooting/font-loading-errors#render-timeout-when-loading-google-fonts" handle was cleared after 21ms
[Tab 1, delayRender()] "Fetching Inter font {"style":"normal","weight":"200","subset":"greek-ext"}. This might be caused by loading too many font variations. Read more: https://www.remotion.dev/docs/troubleshooting/font-loading-errors#render-timeout-when-loading-google-fonts" handle was cleared after 32ms
[Tab 1, delayRender()] "Fetching Inter font {"style":"normal","weight":"700","subset":"greek-ext"}. This might be caused by loading too many font variations. Read more: https://www.remotion.dev/docs/troubleshooting/font-loading-errors#render-timeout-when-loading-google-fonts" handle was cleared after 30ms
[Tab 1, delayRender()] "Fetching Inter font {"style":"normal","weight":"400","subset":"greek-ext"}. This might be caused by loading too many font variations. Read more: https://www.remotion.dev/docs/troubleshooting/font-loading-errors#render-timeout-when-loading-google-fonts" handle was cleared after 31ms
[Tab 3, delayRender()] "Fetching Inter font {"style":"normal","weight":"200","subset":"cyrillic-ext"}. This might be caused by loading too many font variations. Read more: https://www.remotion.dev/docs/troubleshooting/font-loading-errors#render-timeout-when-loading-google-fonts" handle was cleared after 24ms
[Tab 3, delayRender()] "Fetching Inter font {"style":"normal","weight":"400","subset":"cyrillic-ext"}. This might be caused by loading too many font variations. Read more: https://www.remotion.dev/docs/troubleshooting/font-loading-errors#render-timeout-when-loading-google-fonts" handle was cleared after 23ms
[Tab 1, delayRender()] "Fetching Inter font {"style":"normal","weight":"300","subset":"greek-ext"}. This might be caused by loading too many font variations. Read more: https://www.remotion.dev/docs/troubleshooting/font-loading-errors#render-timeout-when-loading-google-fonts" handle was cleared after 32ms
[Tab 1, delayRender()] "Fetching Inter font {"style":"normal","weight":"800","subset":"greek-ext"}. This might be caused by loading too many font variations. Read more: https://www.remotion.dev/docs/troubleshooting/font-loading-errors#render-timeout-when-loading-google-fonts" handle was cleared after 30ms
[Tab 3, delayRender()] "Fetching Inter font {"style":"normal","weight":"800","subset":"cyrillic-ext"}. This might be caused by loading too many font variations. Read more: https://www.remotion.dev/docs/troubleshooting/font-loading-errors#render-timeout-when-loading-google-fonts" handle was cleared after 22ms
[Tab 3, delayRender()] "Fetching Inter font {"style":"normal","weight":"100","subset":"cyrillic-ext"}. This might be caused by loading too many font variations. Read more: https://www.remotion.dev/docs/troubleshooting/font-loading-errors#render-timeout-when-loading-google-fonts" handle was cleared after 25ms
[Tab 1, delayRender()] "Fetching Inter font {"style":"normal","weight":"900","subset":"greek-ext"}. This might be caused by loading too many font variations. Read more: https://www.remotion.dev/docs/troubleshooting/font-loading-errors#render-timeout-when-loading-google-fonts" handle was cleared after 30ms
[Tab 3, delayRender()] "Fetching Inter font {"style":"normal","weight":"600","subset":"cyrillic-ext"}. This might be caused by loading too many font variations. Read more: https://www.remotion.dev/docs/troubleshooting/font-loading-errors#render-timeout-when-loading-google-fonts" handle was cleared after 22ms
[Tab 3, delayRender()] "Fetching Inter font {"style":"normal","weight":"300","subset":"cyrillic-ext"}. This might be caused by loading too many font variations. Read more: https://www.remotion.dev/docs/troubleshooting/font-loading-errors#render-timeout-when-loading-google-fonts" handle was cleared after 24ms
[Tab 3, delayRender()] "Fetching Inter font {"style":"normal","weight":"700","subset":"cyrillic-ext"}. This might be caused by loading too many font variations. Read more: https://www.remotion.dev/docs/troubleshooting/font-loading-errors#render-timeout-when-loading-google-fonts" handle was cleared after 22ms
[Tab 1, delayRender()] "Fetching Inter font {"style":"italic","weight":"200","subset":"latin-ext"}. This might be caused by loading too many font variations. Read more: https://www.remotion.dev/docs/troubleshooting/font-loading-errors#render-timeout-when-loading-google-fonts" handle was cleared after 34ms
[Tab 1, delayRender()] "Fetching Inter font {"style":"italic","weight":"800","subset":"latin-ext"}. This might be caused by loading too many font variations. Read more: https://www.remotion.dev/docs/troubleshooting/font-loading-errors#render-timeout-when-loading-google-fonts" handle was cleared after 33ms
[Tab 1, delayRender()] "Fetching Inter font {"style":"italic","weight":"400","subset":"latin-ext"}. This might be caused by loading too many font variations. Read more: https://www.remotion.dev/docs/troubleshooting/font-loading-errors#render-timeout-when-loading-google-fonts" handle was cleared after 34ms
[Tab 1, delayRender()] "Fetching Inter font {"style":"italic","weight":"100","subset":"latin-ext"}. This might be caused by loading too many font variations. Read more: https://www.remotion.dev/docs/troubleshooting/font-loading-errors#render-timeout-when-loading-google-fonts" handle was cleared after 35ms
[Tab 1, delayRender()] "Fetching Inter font {"style":"italic","weight":"900","subset":"latin-ext"}. This might be caused by loading too many font variations. Read more: https://www.remotion.dev/docs/troubleshooting/font-loading-errors#render-timeout-when-loading-google-fonts" handle was cleared after 34ms
[Tab 1, delayRender()] "Fetching Inter font {"style":"italic","weight":"300","subset":"latin-ext"}. This might be caused by loading too many font variations. Read more: https://www.remotion.dev/docs/troubleshooting/font-loading-errors#render-timeout-when-loading-google-fonts" handle was cleared after 35ms
[Tab 1, delayRender()] "Fetching Inter font {"style":"italic","weight":"500","subset":"latin-ext"}. This might be caused by loading too many font variations. Read more: https://www.remotion.dev/docs/troubleshooting/font-loading-errors#render-timeout-when-loading-google-fonts" handle was cleared after 34ms
[Tab 1, delayRender()] "Fetching Inter font {"style":"italic","weight":"600","subset":"latin-ext"}. This might be caused by loading too many font variations. Read more: https://www.remotion.dev/docs/troubleshooting/font-loading-errors#render-timeout-when-loading-google-fonts" handle was cleared after 34ms
[Tab 1, delayRender()] "Fetching Inter font {"style":"italic","weight":"700","subset":"latin-ext"}. This might be caused by loading too many font variations. Read more: https://www.remotion.dev/docs/troubleshooting/font-loading-errors#render-timeout-when-loading-google-fonts" handle was cleared after 34ms
[Tab 3, delayRender()] "Fetching Inter font {"style":"normal","weight":"100","subset":"cyrillic"}. This might be caused by loading too many font variations. Read more: https://www.remotion.dev/docs/troubleshooting/font-loading-errors#render-timeout-when-loading-google-fonts" handle was cleared after 25ms
[Tab 3, delayRender()] "Fetching Inter font {"style":"normal","weight":"900","subset":"cyrillic"}. This might be caused by loading too many font variations. Read more: https://www.remotion.dev/docs/troubleshooting/font-loading-errors#render-timeout-when-loading-google-fonts" handle was cleared after 22ms
[Tab 3, delayRender()] "Fetching Inter font {"style":"normal","weight":"800","subset":"cyrillic"}. This might be caused by loading too many font variations. Read more: https://www.remotion.dev/docs/troubleshooting/font-loading-errors#render-timeout-when-loading-google-fonts" handle was cleared after 23ms
[Tab 3, delayRender()] "Fetching Inter font {"style":"normal","weight":"600","subset":"cyrillic"}. This might be caused by loading too many font variations. Read more: https://www.remotion.dev/docs/troubleshooting/font-loading-errors#render-timeout-when-loading-google-fonts" handle was cleared after 23ms
[Tab 3, delayRender()] "Fetching Inter font {"style":"normal","weight":"200","subset":"cyrillic"}. This might be caused by loading too many font variations. Read more: https://www.remotion.dev/docs/troubleshooting/font-loading-errors#render-timeout-when-loading-google-fonts" handle was cleared after 25ms
[Tab 3, delayRender()] "Fetching Inter font {"style":"normal","weight":"500","subset":"cyrillic"}. This might be caused by loading too many font variations. Read more: https://www.remotion.dev/docs/troubleshooting/font-loading-errors#render-timeout-when-loading-google-fonts" handle was cleared after 23ms
[Tab 3, delayRender()] "Fetching Inter font {"style":"normal","weight":"300","subset":"cyrillic"}. This might be caused by loading too many font variations. Read more: https://www.remotion.dev/docs/troubleshooting/font-loading-errors#render-timeout-when-loading-google-fonts" handle was cleared after 25ms
[Tab 3, delayRender()] "Fetching Inter font {"style":"normal","weight":"700","subset":"cyrillic"}. This might be caused by loading too many font variations. Read more: https://www.remotion.dev/docs/troubleshooting/font-loading-errors#render-timeout-when-loading-google-fonts" handle was cleared after 23ms
[Tab 3, delayRender()] "Fetching Inter font {"style":"normal","weight":"400","subset":"cyrillic"}. This might be caused by loading too many font variations. Read more: https://www.remotion.dev/docs/troubleshooting/font-loading-errors#render-timeout-when-loading-google-fonts" handle was cleared after 24ms
[Tab 3, delayRender()] "Fetching Inter font {"style":"normal","weight":"600","subset":"greek-ext"}. This might be caused by loading too many font variations. Read more: https://www.remotion.dev/docs/troubleshooting/font-loading-errors#render-timeout-when-loading-google-fonts" handle was cleared after 23ms
[Tab 3, delayRender()] "Fetching Inter font {"style":"normal","weight":"200","subset":"greek-ext"}. This might be caused by loading too many font variations. Read more: https://www.remotion.dev/docs/troubleshooting/font-loading-errors#render-timeout-when-loading-google-fonts" handle was cleared after 25ms
[Tab 3, delayRender()] "Fetching Inter font {"style":"normal","weight":"300","subset":"greek-ext"}. This might be caused by loading too many font variations. Read more: https://www.remotion.dev/docs/troubleshooting/font-loading-errors#render-timeout-when-loading-google-fonts" handle was cleared after 25ms
[Tab 3, delayRender()] "Fetching Inter font {"style":"normal","weight":"100","subset":"greek-ext"}. This might be caused by loading too many font variations. Read more: https://www.remotion.dev/docs/troubleshooting/font-loading-errors#render-timeout-when-loading-google-fonts" handle was cleared after 25ms
[Tab 3, delayRender()] "Fetching Inter font {"style":"normal","weight":"500","subset":"greek-ext"}. This might be caused by loading too many font variations. Read more: https://www.remotion.dev/docs/troubleshooting/font-loading-errors#render-timeout-when-loading-google-fonts" handle was cleared after 23ms
[Tab 3, delayRender()] "Fetching Inter font {"style":"normal","weight":"400","subset":"greek-ext"}. This might be caused by loading too many font variations. Read more: https://www.remotion.dev/docs/troubleshooting/font-loading-errors#render-timeout-when-loading-google-fonts" handle was cleared after 24ms
[Tab 3, delayRender()] "Fetching Inter font {"style":"normal","weight":"700","subset":"greek-ext"}. This might be caused by loading too many font variations. Read more: https://www.remotion.dev/docs/troubleshooting/font-loading-errors#render-timeout-when-loading-google-fonts" handle was cleared after 23ms
[Tab 3, delayRender()] "Fetching Inter font {"style":"normal","weight":"800","subset":"greek-ext"}. This might be caused by loading too many font variations. Read more: https://www.remotion.dev/docs/troubleshooting/font-loading-errors#render-timeout-when-loading-google-fonts" handle was cleared after 23ms
[Tab 3, delayRender()] "Fetching Inter font {"style":"normal","weight":"900","subset":"greek-ext"}. This might be caused by loading too many font variations. Read more: https://www.remotion.dev/docs/troubleshooting/font-loading-errors#render-timeout-when-loading-google-fonts" handle was cleared after 22ms
[Tab 1, delayRender()] "Fetching Inter font {"style":"normal","weight":"900","subset":"greek"}. This might be caused by loading too many font variations. Read more: https://www.remotion.dev/docs/troubleshooting/font-loading-errors#render-timeout-when-loading-google-fonts" handle was cleared after 31ms
[Tab 1, delayRender()] "Fetching Inter font {"style":"normal","weight":"200","subset":"greek"}. This might be caused by loading too many font variations. Read more: https://www.remotion.dev/docs/troubleshooting/font-loading-errors#render-timeout-when-loading-google-fonts" handle was cleared after 33ms
[Tab 1, delayRender()] "Fetching Inter font {"style":"normal","weight":"300","subset":"greek"}. This might be caused by loading too many font variations. Read more: https://www.remotion.dev/docs/troubleshooting/font-loading-errors#render-timeout-when-loading-google-fonts" handle was cleared after 33ms
[Tab 1, delayRender()] "Fetching Inter font {"style":"normal","weight":"800","subset":"greek"}. This might be caused by loading too many font variations. Read more: https://www.remotion.dev/docs/troubleshooting/font-loading-errors#render-timeout-when-loading-google-fonts" handle was cleared after 32ms
[Tab 1, delayRender()] "Fetching Inter font {"style":"normal","weight":"700","subset":"greek"}. This might be caused by loading too many font variations. Read more: https://www.remotion.dev/docs/troubleshooting/font-loading-errors#render-timeout-when-loading-google-fonts" handle was cleared after 32ms
[Tab 1, delayRender()] "Fetching Inter font {"style":"normal","weight":"600","subset":"greek"}. This might be caused by loading too many font variations. Read more: https://www.remotion.dev/docs/troubleshooting/font-loading-errors#render-timeout-when-loading-google-fonts" handle was cleared after 33ms
[Tab 1, delayRender()] "Fetching Inter font {"style":"normal","weight":"400","subset":"greek"}. This might be caused by loading too many font variations. Read more: https://www.remotion.dev/docs/troubleshooting/font-loading-errors#render-timeout-when-loading-google-fonts" handle was cleared after 33ms
[Tab 1, delayRender()] "Fetching Inter font {"style":"normal","weight":"100","subset":"greek"}. This might be caused by loading too many font variations. Read more: https://www.remotion.dev/docs/troubleshooting/font-loading-errors#render-timeout-when-loading-google-fonts" handle was cleared after 34ms
[Tab 1, delayRender()] "Fetching Inter font {"style":"normal","weight":"500","subset":"greek"}. This might be caused by loading too many font variations. Read more: https://www.remotion.dev/docs/troubleshooting/font-loading-errors#render-timeout-when-loading-google-fonts" handle was cleared after 33ms
[Tab 2, delayRender()] "Fetching Inter font {"style":"normal","weight":"900","subset":"greek"}. This might be caused by loading too many font variations. Read more: https://www.remotion.dev/docs/troubleshooting/font-loading-errors#render-timeout-when-loading-google-fonts" handle was cleared after 33ms
[Tab 2, delayRender()] "Fetching Inter font {"style":"normal","weight":"200","subset":"greek"}. This might be caused by loading too many font variations. Read more: https://www.remotion.dev/docs/troubleshooting/font-loading-errors#render-timeout-when-loading-google-fonts" handle was cleared after 35ms
[Tab 2, delayRender()] "Fetching Inter font {"style":"normal","weight":"300","subset":"greek"}. This might be caused by loading too many font variations. Read more: https://www.remotion.dev/docs/troubleshooting/font-loading-errors#render-timeout-when-loading-google-fonts" handle was cleared after 35ms
[Tab 2, delayRender()] "Fetching Inter font {"style":"normal","weight":"800","subset":"greek"}. This might be caused by loading too many font variations. Read more: https://www.remotion.dev/docs/troubleshooting/font-loading-errors#render-timeout-when-loading-google-fonts" handle was cleared after 33ms
[Tab 2, delayRender()] "Fetching Inter font {"style":"normal","weight":"700","subset":"greek"}. This might be caused by loading too many font variations. Read more: https://www.remotion.dev/docs/troubleshooting/font-loading-errors#render-timeout-when-loading-google-fonts" handle was cleared after 33ms
[Tab 2, delayRender()] "Fetching Inter font {"style":"normal","weight":"600","subset":"greek"}. This might be caused by loading too many font variations. Read more: https://www.remotion.dev/docs/troubleshooting/font-loading-errors#render-timeout-when-loading-google-fonts" handle was cleared after 34ms
[Tab 2, delayRender()] "Fetching Inter font {"style":"normal","weight":"400","subset":"greek"}. This might be caused by loading too many font variations. Read more: https://www.remotion.dev/docs/troubleshooting/font-loading-errors#render-timeout-when-loading-google-fonts" handle was cleared after 34ms
[Tab 2, delayRender()] "Fetching Inter font {"style":"normal","weight":"100","subset":"greek"}. This might be caused by loading too many font variations. Read more: https://www.remotion.dev/docs/troubleshooting/font-loading-errors#render-timeout-when-loading-google-fonts" handle was cleared after 35ms
[Tab 2, delayRender()] "Fetching Inter font {"style":"normal","weight":"500","subset":"greek"}. This might be caused by loading too many font variations. Read more: https://www.remotion.dev/docs/troubleshooting/font-loading-errors#render-timeout-when-loading-google-fonts" handle was cleared after 34ms
[Tab 3, delayRender()] "Fetching Inter font {"style":"normal","weight":"300","subset":"greek"}. This might be caused by loading too many font variations. Read more: https://www.remotion.dev/docs/troubleshooting/font-loading-errors#render-timeout-when-loading-google-fonts" handle was cleared after 27ms
[Tab 3, delayRender()] "Fetching Inter font {"style":"normal","weight":"600","subset":"greek"}. This might be caused by loading too many font variations. Read more: https://www.remotion.dev/docs/troubleshooting/font-loading-errors#render-timeout-when-loading-google-fonts" handle was cleared after 25ms
[Tab 3, delayRender()] "Fetching Inter font {"style":"normal","weight":"800","subset":"greek"}. This might be caused by loading too many font variations. Read more: https://www.remotion.dev/docs/troubleshooting/font-loading-errors#render-timeout-when-loading-google-fonts" handle was cleared after 25ms
[Tab 3, delayRender()] "Fetching Inter font {"style":"normal","weight":"400","subset":"greek"}. This might be caused by loading too many font variations. Read more: https://www.remotion.dev/docs/troubleshooting/font-loading-errors#render-timeout-when-loading-google-fonts" handle was cleared after 26ms
[Tab 3, delayRender()] "Fetching Inter font {"style":"normal","weight":"100","subset":"greek"}. This might be caused by loading too many font variations. Read more: https://www.remotion.dev/docs/troubleshooting/font-loading-errors#render-timeout-when-loading-google-fonts" handle was cleared after 27ms
[Tab 3, delayRender()] "Fetching Inter font {"style":"normal","weight":"700","subset":"greek"}. This might be caused by loading too many font variations. Read more: https://www.remotion.dev/docs/troubleshooting/font-loading-errors#render-timeout-when-loading-google-fonts" handle was cleared after 25ms
[Tab 3, delayRender()] "Fetching Inter font {"style":"normal","weight":"900","subset":"greek"}. This might be caused by loading too many font variations. Read more: https://www.remotion.dev/docs/troubleshooting/font-loading-errors#render-timeout-when-loading-google-fonts" handle was cleared after 24ms
[Tab 2, delayRender()] "Fetching Inter font {"style":"normal","weight":"700","subset":"vietnamese"}. This might be caused by loading too many font variations. Read more: https://www.remotion.dev/docs/troubleshooting/font-loading-errors#render-timeout-when-loading-google-fonts" handle was cleared after 34ms
[Tab 3, delayRender()] "Fetching Inter font {"style":"normal","weight":"200","subset":"greek"}. This might be caused by loading too many font variations. Read more: https://www.remotion.dev/docs/troubleshooting/font-loading-errors#render-timeout-when-loading-google-fonts" handle was cleared after 27ms
[Tab 3, delayRender()] "Fetching Inter font {"style":"normal","weight":"500","subset":"greek"}. This might be caused by loading too many font variations. Read more: https://www.remotion.dev/docs/troubleshooting/font-loading-errors#render-timeout-when-loading-google-fonts" handle was cleared after 25ms
[Tab 2, delayRender()] "Fetching Inter font {"style":"normal","weight":"600","subset":"vietnamese"}. This might be caused by loading too many font variations. Read more: https://www.remotion.dev/docs/troubleshooting/font-loading-errors#render-timeout-when-loading-google-fonts" handle was cleared after 35ms
[Tab 2, delayRender()] "Fetching Inter font {"style":"normal","weight":"300","subset":"vietnamese"}. This might be caused by loading too many font variations. Read more: https://www.remotion.dev/docs/troubleshooting/font-loading-errors#render-timeout-when-loading-google-fonts" handle was cleared after 36ms
[Tab 2, delayRender()] "Fetching Inter font {"style":"normal","weight":"100","subset":"vietnamese"}. This might be caused by loading too many font variations. Read more: https://www.remotion.dev/docs/troubleshooting/font-loading-errors#render-timeout-when-loading-google-fonts" handle was cleared after 36ms
[Tab 2, delayRender()] "Fetching Inter font {"style":"normal","weight":"900","subset":"vietnamese"}. This might be caused by loading too many font variations. Read more: https://www.remotion.dev/docs/troubleshooting/font-loading-errors#render-timeout-when-loading-google-fonts" handle was cleared after 34ms
[Tab 2, delayRender()] "Fetching Inter font {"style":"normal","weight":"800","subset":"vietnamese"}. This might be caused by loading too many font variations. Read more: https://www.remotion.dev/docs/troubleshooting/font-loading-errors#render-timeout-when-loading-google-fonts" handle was cleared after 34ms
[Tab 2, delayRender()] "Fetching Inter font {"style":"normal","weight":"400","subset":"vietnamese"}. This might be caused by loading too many font variations. Read more: https://www.remotion.dev/docs/troubleshooting/font-loading-errors#render-timeout-when-loading-google-fonts" handle was cleared after 35ms
[Tab 2, delayRender()] "Fetching Inter font {"style":"normal","weight":"500","subset":"vietnamese"}. This might be caused by loading too many font variations. Read more: https://www.remotion.dev/docs/troubleshooting/font-loading-errors#render-timeout-when-loading-google-fonts" handle was cleared after 35ms
[Tab 2, delayRender()] "Fetching Inter font {"style":"normal","weight":"200","subset":"vietnamese"}. This might be caused by loading too many font variations. Read more: https://www.remotion.dev/docs/troubleshooting/font-loading-errors#render-timeout-when-loading-google-fonts" handle was cleared after 36ms
[Tab 2, delayRender()] "Fetching Outfit font {"style":"normal","weight":"600","subset":"latin-ext"}. This might be caused by loading too many font variations. Read more: https://www.remotion.dev/docs/troubleshooting/font-loading-errors#render-timeout-when-loading-google-fonts" handle was cleared after 34ms
[Tab 2, delayRender()] "Fetching Outfit font {"style":"normal","weight":"700","subset":"latin-ext"}. This might be caused by loading too many font variations. Read more: https://www.remotion.dev/docs/troubleshooting/font-loading-errors#render-timeout-when-loading-google-fonts" handle was cleared after 34ms
[Tab 2, delayRender()] "Fetching Outfit font {"style":"normal","weight":"500","subset":"latin-ext"}. This might be caused by loading too many font variations. Read more: https://www.remotion.dev/docs/troubleshooting/font-loading-errors#render-timeout-when-loading-google-fonts" handle was cleared after 34ms
[Tab 2, delayRender()] "Fetching Outfit font {"style":"normal","weight":"100","subset":"latin-ext"}. This might be caused by loading too many font variations. Read more: https://www.remotion.dev/docs/troubleshooting/font-loading-errors#render-timeout-when-loading-google-fonts" handle was cleared after 35ms
[Tab 2, delayRender()] "Fetching Outfit font {"style":"normal","weight":"900","subset":"latin-ext"}. This might be caused by loading too many font variations. Read more: https://www.remotion.dev/docs/troubleshooting/font-loading-errors#render-timeout-when-loading-google-fonts" handle was cleared after 34ms
[Tab 2, delayRender()] "Fetching Outfit font {"style":"normal","weight":"300","subset":"latin-ext"}. This might be caused by loading too many font variations. Read more: https://www.remotion.dev/docs/troubleshooting/font-loading-errors#render-timeout-when-loading-google-fonts" handle was cleared after 34ms
[Tab 2, delayRender()] "Fetching Outfit font {"style":"normal","weight":"400","subset":"latin-ext"}. This might be caused by loading too many font variations. Read more: https://www.remotion.dev/docs/troubleshooting/font-loading-errors#render-timeout-when-loading-google-fonts" handle was cleared after 34ms
[Tab 2, delayRender()] "Fetching Outfit font {"style":"normal","weight":"200","subset":"latin-ext"}. This might be caused by loading too many font variations. Read more: https://www.remotion.dev/docs/troubleshooting/font-loading-errors#render-timeout-when-loading-google-fonts" handle was cleared after 35ms
[Tab 1, delayRender()] "Fetching Inter font {"style":"normal","weight":"700","subset":"vietnamese"}. This might be caused by loading too many font variations. Read more: https://www.remotion.dev/docs/troubleshooting/font-loading-errors#render-timeout-when-loading-google-fonts" handle was cleared after 34ms
[Tab 1, delayRender()] "Fetching Inter font {"style":"normal","weight":"600","subset":"vietnamese"}. This might be caused by loading too many font variations. Read more: https://www.remotion.dev/docs/troubleshooting/font-loading-errors#render-timeout-when-loading-google-fonts" handle was cleared after 34ms
[Tab 2, delayRender()] "Fetching Outfit font {"style":"normal","weight":"800","subset":"latin-ext"}. This might be caused by loading too many font variations. Read more: https://www.remotion.dev/docs/troubleshooting/font-loading-errors#render-timeout-when-loading-google-fonts" handle was cleared after 34ms
[Tab 1, delayRender()] "Fetching Inter font {"style":"normal","weight":"300","subset":"vietnamese"}. This might be caused by loading too many font variations. Read more: https://www.remotion.dev/docs/troubleshooting/font-loading-errors#render-timeout-when-loading-google-fonts" handle was cleared after 36ms
[Tab 1, delayRender()] "Fetching Inter font {"style":"normal","weight":"100","subset":"vietnamese"}. This might be caused by loading too many font variations. Read more: https://www.remotion.dev/docs/troubleshooting/font-loading-errors#render-timeout-when-loading-google-fonts" handle was cleared after 36ms
[Tab 1, delayRender()] "Fetching Inter font {"style":"normal","weight":"900","subset":"vietnamese"}. This might be caused by loading too many font variations. Read more: https://www.remotion.dev/docs/troubleshooting/font-loading-errors#render-timeout-when-loading-google-fonts" handle was cleared after 34ms
[Tab 1, delayRender()] "Fetching Inter font {"style":"normal","weight":"800","subset":"vietnamese"}. This might be caused by loading too many font variations. Read more: https://www.remotion.dev/docs/troubleshooting/font-loading-errors#render-timeout-when-loading-google-fonts" handle was cleared after 34ms
[Tab 1, delayRender()] "Fetching Inter font {"style":"normal","weight":"400","subset":"vietnamese"}. This might be caused by loading too many font variations. Read more: https://www.remotion.dev/docs/troubleshooting/font-loading-errors#render-timeout-when-loading-google-fonts" handle was cleared after 35ms
[Tab 1, delayRender()] "Fetching Inter font {"style":"normal","weight":"500","subset":"vietnamese"}. This might be caused by loading too many font variations. Read more: https://www.remotion.dev/docs/troubleshooting/font-loading-errors#render-timeout-when-loading-google-fonts" handle was cleared after 35ms
[Tab 1, delayRender()] "Fetching Inter font {"style":"normal","weight":"200","subset":"vietnamese"}. This might be caused by loading too many font variations. Read more: https://www.remotion.dev/docs/troubleshooting/font-loading-errors#render-timeout-when-loading-google-fonts" handle was cleared after 36ms
[Tab 2, delayRender()] "Fetching Outfit font {"style":"normal","weight":"400","subset":"latin"}. This might be caused by loading too many font variations. Read more: https://www.remotion.dev/docs/troubleshooting/font-loading-errors#render-timeout-when-loading-google-fonts" handle was cleared after 35ms
[Tab 3, delayRender()] "Fetching Inter font {"style":"italic","weight":"100","subset":"latin-ext"}. This might be caused by loading too many font variations. Read more: https://www.remotion.dev/docs/troubleshooting/font-loading-errors#render-timeout-when-loading-google-fonts" handle was cleared after 31ms
[Tab 2, delayRender()] "Fetching Outfit font {"style":"normal","weight":"700","subset":"latin"}. This might be caused by loading too many font variations. Read more: https://www.remotion.dev/docs/troubleshooting/font-loading-errors#render-timeout-when-loading-google-fonts" handle was cleared after 35ms
[Tab 3, delayRender()] "Fetching Inter font {"style":"italic","weight":"500","subset":"latin-ext"}. This might be caused by loading too many font variations. Read more: https://www.remotion.dev/docs/troubleshooting/font-loading-errors#render-timeout-when-loading-google-fonts" handle was cleared after 30ms
[Tab 3, delayRender()] "Fetching Inter font {"style":"italic","weight":"800","subset":"latin-ext"}. This might be caused by loading too many font variations. Read more: https://www.remotion.dev/docs/troubleshooting/font-loading-errors#render-timeout-when-loading-google-fonts" handle was cleared after 30ms
[Tab 2, delayRender()] "Fetching Outfit font {"style":"normal","weight":"500","subset":"latin"}. This might be caused by loading too many font variations. Read more: https://www.remotion.dev/docs/troubleshooting/font-loading-errors#render-timeout-when-loading-google-fonts" handle was cleared after 35ms
[Tab 2, delayRender()] "Fetching Outfit font {"style":"normal","weight":"200","subset":"latin"}. This might be caused by loading too many font variations. Read more: https://www.remotion.dev/docs/troubleshooting/font-loading-errors#render-timeout-when-loading-google-fonts" handle was cleared after 36ms
[Tab 3, delayRender()] "Fetching Inter font {"style":"italic","weight":"300","subset":"latin-ext"}. This might be caused by loading too many font variations. Read more: https://www.remotion.dev/docs/troubleshooting/font-loading-errors#render-timeout-when-loading-google-fonts" handle was cleared after 31ms
[Tab 3, delayRender()] "Fetching Inter font {"style":"italic","weight":"200","subset":"latin-ext"}. This might be caused by loading too many font variations. Read more: https://www.remotion.dev/docs/troubleshooting/font-loading-errors#render-timeout-when-loading-google-fonts" handle was cleared after 31ms
[Tab 2, delayRender()] "Fetching Outfit font {"style":"normal","weight":"800","subset":"latin"}. This might be caused by loading too many font variations. Read more: https://www.remotion.dev/docs/troubleshooting/font-loading-errors#render-timeout-when-loading-google-fonts" handle was cleared after 35ms
[Tab 3, delayRender()] "Fetching Inter font {"style":"italic","weight":"600","subset":"latin-ext"}. This might be caused by loading too many font variations. Read more: https://www.remotion.dev/docs/troubleshooting/font-loading-errors#render-timeout-when-loading-google-fonts" handle was cleared after 30ms
[Tab 2, delayRender()] "Fetching Outfit font {"style":"normal","weight":"600","subset":"latin"}. This might be caused by loading too many font variations. Read more: https://www.remotion.dev/docs/troubleshooting/font-loading-errors#render-timeout-when-loading-google-fonts" handle was cleared after 35ms
[Tab 2, delayRender()] "Fetching Outfit font {"style":"normal","weight":"900","subset":"latin"}. This might be caused by loading too many font variations. Read more: https://www.remotion.dev/docs/troubleshooting/font-loading-errors#render-timeout-when-loading-google-fonts" handle was cleared after 35ms
[Tab 3, delayRender()] "Fetching Inter font {"style":"italic","weight":"400","subset":"latin-ext"}. This might be caused by loading too many font variations. Read more: https://www.remotion.dev/docs/troubleshooting/font-loading-errors#render-timeout-when-loading-google-fonts" handle was cleared after 31ms
[Tab 2, delayRender()] "Fetching Outfit font {"style":"normal","weight":"300","subset":"latin"}. This might be caused by loading too many font variations. Read more: https://www.remotion.dev/docs/troubleshooting/font-loading-errors#render-timeout-when-loading-google-fonts" handle was cleared after 35ms
[Tab 3, delayRender()] "Fetching Inter font {"style":"italic","weight":"900","subset":"latin-ext"}. This might be caused by loading too many font variations. Read more: https://www.remotion.dev/docs/troubleshooting/font-loading-errors#render-timeout-when-loading-google-fonts" handle was cleared after 30ms
[Tab 2, delayRender()] "Fetching Outfit font {"style":"normal","weight":"100","subset":"latin"}. This might be caused by loading too many font variations. Read more: https://www.remotion.dev/docs/troubleshooting/font-loading-errors#render-timeout-when-loading-google-fonts" handle was cleared after 36ms
[Tab 3, delayRender()] "Fetching Inter font {"style":"italic","weight":"700","subset":"latin-ext"}. This might be caused by loading too many font variations. Read more: https://www.remotion.dev/docs/troubleshooting/font-loading-errors#render-timeout-when-loading-google-fonts" handle was cleared after 30ms
[Tab 2, delayRender()] "Fetching Inter font {"style":"normal","weight":"500","subset":"latin"}. This might be caused by loading too many font variations. Read more: https://www.remotion.dev/docs/troubleshooting/font-loading-errors#render-timeout-when-loading-google-fonts" handle was cleared after 37ms
[Tab 2, delayRender()] "Fetching Inter font {"style":"normal","weight":"300","subset":"latin"}. This might be caused by loading too many font variations. Read more: https://www.remotion.dev/docs/troubleshooting/font-loading-errors#render-timeout-when-loading-google-fonts" handle was cleared after 38ms
[Tab 2, delayRender()] "Fetching Inter font {"style":"normal","weight":"100","subset":"latin"}. This might be caused by loading too many font variations. Read more: https://www.remotion.dev/docs/troubleshooting/font-loading-errors#render-timeout-when-loading-google-fonts" handle was cleared after 38ms
[Tab 2, delayRender()] "Fetching Inter font {"style":"normal","weight":"600","subset":"latin"}. This might be caused by loading too many font variations. Read more: https://www.remotion.dev/docs/troubleshooting/font-loading-errors#render-timeout-when-loading-google-fonts" handle was cleared after 37ms
[Tab 2, delayRender()] "Fetching Inter font {"style":"normal","weight":"400","subset":"latin"}. This might be caused by loading too many font variations. Read more: https://www.remotion.dev/docs/troubleshooting/font-loading-errors#render-timeout-when-loading-google-fonts" handle was cleared after 37ms
[Tab 2, delayRender()] "Fetching Inter font {"style":"normal","weight":"200","subset":"latin"}. This might be caused by loading too many font variations. Read more: https://www.remotion.dev/docs/troubleshooting/font-loading-errors#render-timeout-when-loading-google-fonts" handle was cleared after 38ms
[Tab 2, delayRender()] "Fetching Inter font {"style":"normal","weight":"900","subset":"latin"}. This might be caused by loading too many font variations. Read more: https://www.remotion.dev/docs/troubleshooting/font-loading-errors#render-timeout-when-loading-google-fonts" handle was cleared after 36ms
[Tab 2, delayRender()] "Fetching Inter font {"style":"normal","weight":"800","subset":"latin"}. This might be caused by loading too many font variations. Read more: https://www.remotion.dev/docs/troubleshooting/font-loading-errors#render-timeout-when-loading-google-fonts" handle was cleared after 36ms
[Tab 2, delayRender()] "Fetching Inter font {"style":"normal","weight":"700","subset":"latin"}. This might be caused by loading too many font variations. Read more: https://www.remotion.dev/docs/troubleshooting/font-loading-errors#render-timeout-when-loading-google-fonts" handle was cleared after 36ms
[Tab 1, delayRender()] "Fetching Inter font {"style":"normal","weight":"500","subset":"latin"}. This might be caused by loading too many font variations. Read more: https://www.remotion.dev/docs/troubleshooting/font-loading-errors#render-timeout-when-loading-google-fonts" handle was cleared after 37ms
[Tab 1, delayRender()] "Fetching Inter font {"style":"normal","weight":"300","subset":"latin"}. This might be caused by loading too many font variations. Read more: https://www.remotion.dev/docs/troubleshooting/font-loading-errors#render-timeout-when-loading-google-fonts" handle was cleared after 38ms
[Tab 3, delayRender()] "Fetching Inter font {"style":"normal","weight":"400","subset":"vietnamese"}. This might be caused by loading too many font variations. Read more: https://www.remotion.dev/docs/troubleshooting/font-loading-errors#render-timeout-when-loading-google-fonts" handle was cleared after 29ms
[Tab 1, delayRender()] "Fetching Inter font {"style":"normal","weight":"100","subset":"latin"}. This might be caused by loading too many font variations. Read more: https://www.remotion.dev/docs/troubleshooting/font-loading-errors#render-timeout-when-loading-google-fonts" handle was cleared after 38ms
[Tab 1, delayRender()] "Fetching Inter font {"style":"normal","weight":"600","subset":"latin"}. This might be caused by loading too many font variations. Read more: https://www.remotion.dev/docs/troubleshooting/font-loading-errors#render-timeout-when-loading-google-fonts" handle was cleared after 36ms
[Tab 3, delayRender()] "Fetching Inter font {"style":"normal","weight":"900","subset":"vietnamese"}. This might be caused by loading too many font variations. Read more: https://www.remotion.dev/docs/troubleshooting/font-loading-errors#render-timeout-when-loading-google-fonts" handle was cleared after 27ms
[Tab 1, delayRender()] "Fetching Inter font {"style":"normal","weight":"400","subset":"latin"}. This might be caused by loading too many font variations. Read more: https://www.remotion.dev/docs/troubleshooting/font-loading-errors#render-timeout-when-loading-google-fonts" handle was cleared after 37ms
[Tab 3, delayRender()] "Fetching Inter font {"style":"normal","weight":"500","subset":"vietnamese"}. This might be caused by loading too many font variations. Read more: https://www.remotion.dev/docs/troubleshooting/font-loading-errors#render-timeout-when-loading-google-fonts" handle was cleared after 28ms
[Tab 1, delayRender()] "Fetching Inter font {"style":"normal","weight":"200","subset":"latin"}. This might be caused by loading too many font variations. Read more: https://www.remotion.dev/docs/troubleshooting/font-loading-errors#render-timeout-when-loading-google-fonts" handle was cleared after 38ms
[Tab 1, delayRender()] "Fetching Inter font {"style":"normal","weight":"900","subset":"latin"}. This might be caused by loading too many font variations. Read more: https://www.remotion.dev/docs/troubleshooting/font-loading-errors#render-timeout-when-loading-google-fonts" handle was cleared after 36ms
[Tab 3, delayRender()] "Fetching Inter font {"style":"normal","weight":"600","subset":"vietnamese"}. This might be caused by loading too many font variations. Read more: https://www.remotion.dev/docs/troubleshooting/font-loading-errors#render-timeout-when-loading-google-fonts" handle was cleared after 28ms
[Tab 1, delayRender()] "Fetching Inter font {"style":"normal","weight":"800","subset":"latin"}. This might be caused by loading too many font variations. Read more: https://www.remotion.dev/docs/troubleshooting/font-loading-errors#render-timeout-when-loading-google-fonts" handle was cleared after 36ms
[Tab 3, delayRender()] "Fetching Inter font {"style":"normal","weight":"700","subset":"vietnamese"}. This might be caused by loading too many font variations. Read more: https://www.remotion.dev/docs/troubleshooting/font-loading-errors#render-timeout-when-loading-google-fonts" handle was cleared after 28ms
[Tab 1, delayRender()] "Fetching Inter font {"style":"normal","weight":"700","subset":"latin"}. This might be caused by loading too many font variations. Read more: https://www.remotion.dev/docs/troubleshooting/font-loading-errors#render-timeout-when-loading-google-fonts" handle was cleared after 36ms
[Tab 3, delayRender()] "Fetching Inter font {"style":"normal","weight":"300","subset":"vietnamese"}. This might be caused by loading too many font variations. Read more: https://www.remotion.dev/docs/troubleshooting/font-loading-errors#render-timeout-when-loading-google-fonts" handle was cleared after 30ms
[Tab 3, delayRender()] "Fetching Inter font {"style":"normal","weight":"200","subset":"vietnamese"}. This might be caused by loading too many font variations. Read more: https://www.remotion.dev/docs/troubleshooting/font-loading-errors#render-timeout-when-loading-google-fonts" handle was cleared after 30ms
[Tab 3, delayRender()] "Fetching Inter font {"style":"normal","weight":"100","subset":"vietnamese"}. This might be caused by loading too many font variations. Read more: https://www.remotion.dev/docs/troubleshooting/font-loading-errors#render-timeout-when-loading-google-fonts" handle was cleared after 30ms
[Tab 3, delayRender()] "Fetching Inter font {"style":"normal","weight":"800","subset":"vietnamese"}. This might be caused by loading too many font variations. Read more: https://www.remotion.dev/docs/troubleshooting/font-loading-errors#render-timeout-when-loading-google-fonts" handle was cleared after 28ms
[Tab 1, delayRender()] "Fetching Outfit font {"style":"normal","weight":"600","subset":"latin-ext"}. This might be caused by loading too many font variations. Read more: https://www.remotion.dev/docs/troubleshooting/font-loading-errors#render-timeout-when-loading-google-fonts" handle was cleared after 36ms
[Tab 1, delayRender()] "Fetching Outfit font {"style":"normal","weight":"700","subset":"latin-ext"}. This might be caused by loading too many font variations. Read more: https://www.remotion.dev/docs/troubleshooting/font-loading-errors#render-timeout-when-loading-google-fonts" handle was cleared after 36ms
[Tab 1, delayRender()] "Fetching Outfit font {"style":"normal","weight":"500","subset":"latin-ext"}. This might be caused by loading too many font variations. Read more: https://www.remotion.dev/docs/troubleshooting/font-loading-errors#render-timeout-when-loading-google-fonts" handle was cleared after 36ms
[Tab 1, delayRender()] "Fetching Outfit font {"style":"normal","weight":"100","subset":"latin-ext"}. This might be caused by loading too many font variations. Read more: https://www.remotion.dev/docs/troubleshooting/font-loading-errors#render-timeout-when-loading-google-fonts" handle was cleared after 37ms
[Tab 1, delayRender()] "Fetching Outfit font {"style":"normal","weight":"900","subset":"latin-ext"}. This might be caused by loading too many font variations. Read more: https://www.remotion.dev/docs/troubleshooting/font-loading-errors#render-timeout-when-loading-google-fonts" handle was cleared after 36ms
[Tab 1, delayRender()] "Fetching Outfit font {"style":"normal","weight":"300","subset":"latin-ext"}. This might be caused by loading too many font variations. Read more: https://www.remotion.dev/docs/troubleshooting/font-loading-errors#render-timeout-when-loading-google-fonts" handle was cleared after 36ms
[Tab 1, delayRender()] "Fetching Outfit font {"style":"normal","weight":"400","subset":"latin-ext"}. This might be caused by loading too many font variations. Read more: https://www.remotion.dev/docs/troubleshooting/font-loading-errors#render-timeout-when-loading-google-fonts" handle was cleared after 36ms
[Tab 1, delayRender()] "Fetching Outfit font {"style":"normal","weight":"200","subset":"latin-ext"}. This might be caused by loading too many font variations. Read more: https://www.remotion.dev/docs/troubleshooting/font-loading-errors#render-timeout-when-loading-google-fonts" handle was cleared after 37ms
[Tab 1, delayRender()] "Fetching Outfit font {"style":"normal","weight":"800","subset":"latin-ext"}. This might be caused by loading too many font variations. Read more: https://www.remotion.dev/docs/troubleshooting/font-loading-errors#render-timeout-when-loading-google-fonts" handle was cleared after 36ms
[Tab 3, delayRender()] "Fetching Inter font {"style":"normal","weight":"100","subset":"latin"}. This might be caused by loading too many font variations. Read more: https://www.remotion.dev/docs/troubleshooting/font-loading-errors#render-timeout-when-loading-google-fonts" handle was cleared after 31ms
[Tab 1, delayRender()] "Fetching Outfit font {"style":"normal","weight":"400","subset":"latin"}. This might be caused by loading too many font variations. Read more: https://www.remotion.dev/docs/troubleshooting/font-loading-errors#render-timeout-when-loading-google-fonts" handle was cleared after 36ms
[Tab 3, delayRender()] "Fetching Inter font {"style":"normal","weight":"300","subset":"latin"}. This might be caused by loading too many font variations. Read more: https://www.remotion.dev/docs/troubleshooting/font-loading-errors#render-timeout-when-loading-google-fonts" handle was cleared after 31ms
[Tab 3, delayRender()] "Fetching Inter font {"style":"normal","weight":"900","subset":"latin"}. This might be caused by loading too many font variations. Read more: https://www.remotion.dev/docs/troubleshooting/font-loading-errors#render-timeout-when-loading-google-fonts" handle was cleared after 28ms
[Tab 3, delayRender()] "Fetching Inter font {"style":"normal","weight":"700","subset":"latin"}. This might be caused by loading too many font variations. Read more: https://www.remotion.dev/docs/troubleshooting/font-loading-errors#render-timeout-when-loading-google-fonts" handle was cleared after 29ms
[Tab 3, delayRender()] "Fetching Inter font {"style":"normal","weight":"500","subset":"latin"}. This might be caused by loading too many font variations. Read more: https://www.remotion.dev/docs/troubleshooting/font-loading-errors#render-timeout-when-loading-google-fonts" handle was cleared after 29ms
[Tab 1, delayRender()] "Fetching Outfit font {"style":"normal","weight":"700","subset":"latin"}. This might be caused by loading too many font variations. Read more: https://www.remotion.dev/docs/troubleshooting/font-loading-errors#render-timeout-when-loading-google-fonts" handle was cleared after 36ms
[Tab 3, delayRender()] "Fetching Inter font {"style":"normal","weight":"600","subset":"latin"}. This might be caused by loading too many font variations. Read more: https://www.remotion.dev/docs/troubleshooting/font-loading-errors#render-timeout-when-loading-google-fonts" handle was cleared after 29ms
[Tab 3, delayRender()] "Fetching Inter font {"style":"normal","weight":"400","subset":"latin"}. This might be caused by loading too many font variations. Read more: https://www.remotion.dev/docs/troubleshooting/font-loading-errors#render-timeout-when-loading-google-fonts" handle was cleared after 29ms
[Tab 3, delayRender()] "Fetching Inter font {"style":"normal","weight":"800","subset":"latin"}. This might be caused by loading too many font variations. Read more: https://www.remotion.dev/docs/troubleshooting/font-loading-errors#render-timeout-when-loading-google-fonts" handle was cleared after 29ms
[Tab 1, delayRender()] "Fetching Outfit font {"style":"normal","weight":"500","subset":"latin"}. This might be caused by loading too many font variations. Read more: https://www.remotion.dev/docs/troubleshooting/font-loading-errors#render-timeout-when-loading-google-fonts" handle was cleared after 36ms
[Tab 3, delayRender()] "Fetching Inter font {"style":"normal","weight":"200","subset":"latin"}. This might be caused by loading too many font variations. Read more: https://www.remotion.dev/docs/troubleshooting/font-loading-errors#render-timeout-when-loading-google-fonts" handle was cleared after 31ms
[Tab 1, delayRender()] "Fetching Outfit font {"style":"normal","weight":"200","subset":"latin"}. This might be caused by loading too many font variations. Read more: https://www.remotion.dev/docs/troubleshooting/font-loading-errors#render-timeout-when-loading-google-fonts" handle was cleared after 36ms
[Tab 3, delayRender()] "Fetching Outfit font {"style":"normal","weight":"400","subset":"latin-ext"}. This might be caused by loading too many font variations. Read more: https://www.remotion.dev/docs/troubleshooting/font-loading-errors#render-timeout-when-loading-google-fonts" handle was cleared after 28ms
[Tab 1, delayRender()] "Fetching Outfit font {"style":"normal","weight":"800","subset":"latin"}. This might be caused by loading too many font variations. Read more: https://www.remotion.dev/docs/troubleshooting/font-loading-errors#render-timeout-when-loading-google-fonts" handle was cleared after 36ms
[Tab 3, delayRender()] "Fetching Outfit font {"style":"normal","weight":"200","subset":"latin-ext"}. This might be caused by loading too many font variations. Read more: https://www.remotion.dev/docs/troubleshooting/font-loading-errors#render-timeout-when-loading-google-fonts" handle was cleared after 28ms
[Tab 3, delayRender()] "Fetching Outfit font {"style":"normal","weight":"300","subset":"latin-ext"}. This might be caused by loading too many font variations. Read more: https://www.remotion.dev/docs/troubleshooting/font-loading-errors#render-timeout-when-loading-google-fonts" handle was cleared after 28ms
[Tab 1, delayRender()] "Fetching Outfit font {"style":"normal","weight":"600","subset":"latin"}. This might be caused by loading too many font variations. Read more: https://www.remotion.dev/docs/troubleshooting/font-loading-errors#render-timeout-when-loading-google-fonts" handle was cleared after 36ms
[Tab 3, delayRender()] "Fetching Outfit font {"style":"normal","weight":"700","subset":"latin-ext"}. This might be caused by loading too many font variations. Read more: https://www.remotion.dev/docs/troubleshooting/font-loading-errors#render-timeout-when-loading-google-fonts" handle was cleared after 27ms
[Tab 3, delayRender()] "Fetching Outfit font {"style":"normal","weight":"900","subset":"latin-ext"}. This might be caused by loading too many font variations. Read more: https://www.remotion.dev/docs/troubleshooting/font-loading-errors#render-timeout-when-loading-google-fonts" handle was cleared after 27ms
[Tab 1, delayRender()] "Fetching Outfit font {"style":"normal","weight":"900","subset":"latin"}. This might be caused by loading too many font variations. Read more: https://www.remotion.dev/docs/troubleshooting/font-loading-errors#render-timeout-when-loading-google-fonts" handle was cleared after 36ms
[Tab 3, delayRender()] "Fetching Outfit font {"style":"normal","weight":"500","subset":"latin-ext"}. This might be caused by loading too many font variations. Read more: https://www.remotion.dev/docs/troubleshooting/font-loading-errors#render-timeout-when-loading-google-fonts" handle was cleared after 28ms
[Tab 3, delayRender()] "Fetching Outfit font {"style":"normal","weight":"800","subset":"latin-ext"}. This might be caused by loading too many font variations. Read more: https://www.remotion.dev/docs/troubleshooting/font-loading-errors#render-timeout-when-loading-google-fonts" handle was cleared after 27ms
[Tab 1, delayRender()] "Fetching Outfit font {"style":"normal","weight":"300","subset":"latin"}. This might be caused by loading too many font variations. Read more: https://www.remotion.dev/docs/troubleshooting/font-loading-errors#render-timeout-when-loading-google-fonts" handle was cleared after 36ms
[Tab 3, delayRender()] "Fetching Outfit font {"style":"normal","weight":"100","subset":"latin-ext"}. This might be caused by loading too many font variations. Read more: https://www.remotion.dev/docs/troubleshooting/font-loading-errors#render-timeout-when-loading-google-fonts" handle was cleared after 28ms
[Tab 3, delayRender()] "Fetching Outfit font {"style":"normal","weight":"600","subset":"latin-ext"}. This might be caused by loading too many font variations. Read more: https://www.remotion.dev/docs/troubleshooting/font-loading-errors#render-timeout-when-loading-google-fonts" handle was cleared after 28ms
[Tab 1, delayRender()] "Fetching Outfit font {"style":"normal","weight":"100","subset":"latin"}. This might be caused by loading too many font variations. Read more: https://www.remotion.dev/docs/troubleshooting/font-loading-errors#render-timeout-when-loading-google-fonts" handle was cleared after 37ms
[Tab 3, delayRender()] "Fetching Outfit font {"style":"normal","weight":"900","subset":"latin"}. This might be caused by loading too many font variations. Read more: https://www.remotion.dev/docs/troubleshooting/font-loading-errors#render-timeout-when-loading-google-fonts" handle was cleared after 28ms
[Tab 3, delayRender()] "Fetching Outfit font {"style":"normal","weight":"200","subset":"latin"}. This might be caused by loading too many font variations. Read more: https://www.remotion.dev/docs/troubleshooting/font-loading-errors#render-timeout-when-loading-google-fonts" handle was cleared after 29ms
[Tab 3, delayRender()] "Fetching Outfit font {"style":"normal","weight":"800","subset":"latin"}. This might be caused by loading too many font variations. Read more: https://www.remotion.dev/docs/troubleshooting/font-loading-errors#render-timeout-when-loading-google-fonts" handle was cleared after 28ms
[Tab 3, delayRender()] "Fetching Outfit font {"style":"normal","weight":"700","subset":"latin"}. This might be caused by loading too many font variations. Read more: https://www.remotion.dev/docs/troubleshooting/font-loading-errors#render-timeout-when-loading-google-fonts" handle was cleared after 28ms
[Tab 3, delayRender()] "Fetching Outfit font {"style":"normal","weight":"300","subset":"latin"}. This might be caused by loading too many font variations. Read more: https://www.remotion.dev/docs/troubleshooting/font-loading-errors#render-timeout-when-loading-google-fonts" handle was cleared after 29ms
[Tab 3, delayRender()] "Fetching Outfit font {"style":"normal","weight":"500","subset":"latin"}. This might be caused by loading too many font variations. Read more: https://www.remotion.dev/docs/troubleshooting/font-loading-errors#render-timeout-when-loading-google-fonts" handle was cleared after 29ms
[Tab 3, delayRender()] "Fetching Outfit font {"style":"normal","weight":"600","subset":"latin"}. This might be caused by loading too many font variations. Read more: https://www.remotion.dev/docs/troubleshooting/font-loading-errors#render-timeout-when-loading-google-fonts" handle was cleared after 29ms
[Tab 3, delayRender()] "Fetching Outfit font {"style":"normal","weight":"400","subset":"latin"}. This might be caused by loading too many font variations. Read more: https://www.remotion.dev/docs/troubleshooting/font-loading-errors#render-timeout-when-loading-google-fonts" handle was cleared after 29ms
[Tab 3, delayRender()] "Fetching Outfit font {"style":"normal","weight":"100","subset":"latin"}. This might be caused by loading too many font variations. Read more: https://www.remotion.dev/docs/troubleshooting/font-loading-errors#render-timeout-when-loading-google-fonts" handle was cleared after 29ms
[Tab 2, delayRender()] "Fetching Inter font {"style":"normal","weight":"700","subset":"latin-ext"}. This might be caused by loading too many font variations. Read more: https://www.remotion.dev/docs/troubleshooting/font-loading-errors#render-timeout-when-loading-google-fonts" handle was cleared after 40ms
[Tab 2, delayRender()] "Fetching Inter font {"style":"normal","weight":"400","subset":"latin-ext"}. This might be caused by loading too many font variations. Read more: https://www.remotion.dev/docs/troubleshooting/font-loading-errors#render-timeout-when-loading-google-fonts" handle was cleared after 41ms
[Tab 2, delayRender()] "Fetching Inter font {"style":"normal","weight":"300","subset":"latin-ext"}. This might be caused by loading too many font variations. Read more: https://www.remotion.dev/docs/troubleshooting/font-loading-errors#render-timeout-when-loading-google-fonts" handle was cleared after 42ms
[Tab 2, delayRender()] "Fetching Inter font {"style":"normal","weight":"100","subset":"latin-ext"}. This might be caused by loading too many font variations. Read more: https://www.remotion.dev/docs/troubleshooting/font-loading-errors#render-timeout-when-loading-google-fonts" handle was cleared after 42ms
[Tab 2, delayRender()] "Fetching Inter font {"style":"normal","weight":"600","subset":"latin-ext"}. This might be caused by loading too many font variations. Read more: https://www.remotion.dev/docs/troubleshooting/font-loading-errors#render-timeout-when-loading-google-fonts" handle was cleared after 41ms
[Tab 2, delayRender()] "Fetching Inter font {"style":"normal","weight":"900","subset":"latin-ext"}. This might be caused by loading too many font variations. Read more: https://www.remotion.dev/docs/troubleshooting/font-loading-errors#render-timeout-when-loading-google-fonts" handle was cleared after 40ms
[Tab 2, delayRender()] "Fetching Inter font {"style":"normal","weight":"200","subset":"latin-ext"}. This might be caused by loading too many font variations. Read more: https://www.remotion.dev/docs/troubleshooting/font-loading-errors#render-timeout-when-loading-google-fonts" handle was cleared after 42ms
[Tab 2, delayRender()] "Fetching Inter font {"style":"normal","weight":"500","subset":"latin-ext"}. This might be caused by loading too many font variations. Read more: https://www.remotion.dev/docs/troubleshooting/font-loading-errors#render-timeout-when-loading-google-fonts" handle was cleared after 41ms
[Tab 2, delayRender()] "Fetching Inter font {"style":"normal","weight":"800","subset":"latin-ext"}. This might be caused by loading too many font variations. Read more: https://www.remotion.dev/docs/troubleshooting/font-loading-errors#render-timeout-when-loading-google-fonts" handle was cleared after 40ms
[Tab 1, delayRender()] "Fetching Inter font {"style":"normal","weight":"700","subset":"latin-ext"}. This might be caused by loading too many font variations. Read more: https://www.remotion.dev/docs/troubleshooting/font-loading-errors#render-timeout-when-loading-google-fonts" handle was cleared after 40ms
[Tab 1, delayRender()] "Fetching Inter font {"style":"normal","weight":"400","subset":"latin-ext"}. This might be caused by loading too many font variations. Read more: https://www.remotion.dev/docs/troubleshooting/font-loading-errors#render-timeout-when-loading-google-fonts" handle was cleared after 41ms
[Tab 1, delayRender()] "Fetching Inter font {"style":"normal","weight":"300","subset":"latin-ext"}. This might be caused by loading too many font variations. Read more: https://www.remotion.dev/docs/troubleshooting/font-loading-errors#render-timeout-when-loading-google-fonts" handle was cleared after 42ms
[Tab 1, delayRender()] "Fetching Inter font {"style":"normal","weight":"100","subset":"latin-ext"}. This might be caused by loading too many font variations. Read more: https://www.remotion.dev/docs/troubleshooting/font-loading-errors#render-timeout-when-loading-google-fonts" handle was cleared after 42ms
[Tab 1, delayRender()] "Fetching Inter font {"style":"normal","weight":"600","subset":"latin-ext"}. This might be caused by loading too many font variations. Read more: https://www.remotion.dev/docs/troubleshooting/font-loading-errors#render-timeout-when-loading-google-fonts" handle was cleared after 40ms
[Tab 1, delayRender()] "Fetching Inter font {"style":"normal","weight":"900","subset":"latin-ext"}. This might be caused by loading too many font variations. Read more: https://www.remotion.dev/docs/troubleshooting/font-loading-errors#render-timeout-when-loading-google-fonts" handle was cleared after 40ms
[Tab 1, delayRender()] "Fetching Inter font {"style":"normal","weight":"200","subset":"latin-ext"}. This might be caused by loading too many font variations. Read more: https://www.remotion.dev/docs/troubleshooting/font-loading-errors#render-timeout-when-loading-google-fonts" handle was cleared after 42ms
[Tab 3, delayRender()] "Fetching Inter font {"style":"normal","weight":"200","subset":"latin-ext"}. This might be caused by loading too many font variations. Read more: https://www.remotion.dev/docs/troubleshooting/font-loading-errors#render-timeout-when-loading-google-fonts" handle was cleared after 34ms
[Tab 1, delayRender()] "Fetching Inter font {"style":"normal","weight":"500","subset":"latin-ext"}. This might be caused by loading too many font variations. Read more: https://www.remotion.dev/docs/troubleshooting/font-loading-errors#render-timeout-when-loading-google-fonts" handle was cleared after 41ms
[Tab 3, delayRender()] "Fetching Inter font {"style":"normal","weight":"100","subset":"latin-ext"}. This might be caused by loading too many font variations. Read more: https://www.remotion.dev/docs/troubleshooting/font-loading-errors#render-timeout-when-loading-google-fonts" handle was cleared after 34ms
[Tab 1, delayRender()] "Fetching Inter font {"style":"normal","weight":"800","subset":"latin-ext"}. This might be caused by loading too many font variations. Read more: https://www.remotion.dev/docs/troubleshooting/font-loading-errors#render-timeout-when-loading-google-fonts" handle was cleared after 40ms
[Tab 3, delayRender()] "Fetching Inter font {"style":"normal","weight":"600","subset":"latin-ext"}. This might be caused by loading too many font variations. Read more: https://www.remotion.dev/docs/troubleshooting/font-loading-errors#render-timeout-when-loading-google-fonts" handle was cleared after 32ms
[Tab 3, delayRender()] "Fetching Inter font {"style":"normal","weight":"900","subset":"latin-ext"}. This might be caused by loading too many font variations. Read more: https://www.remotion.dev/docs/troubleshooting/font-loading-errors#render-timeout-when-loading-google-fonts" handle was cleared after 31ms
[Tab 3, delayRender()] "Fetching Inter font {"style":"normal","weight":"800","subset":"latin-ext"}. This might be caused by loading too many font variations. Read more: https://www.remotion.dev/docs/troubleshooting/font-loading-errors#render-timeout-when-loading-google-fonts" handle was cleared after 32ms
[Tab 3, delayRender()] "Fetching Inter font {"style":"normal","weight":"400","subset":"latin-ext"}. This might be caused by loading too many font variations. Read more: https://www.remotion.dev/docs/troubleshooting/font-loading-errors#render-timeout-when-loading-google-fonts" handle was cleared after 32ms
[Tab 3, delayRender()] "Fetching Inter font {"style":"normal","weight":"300","subset":"latin-ext"}. This might be caused by loading too many font variations. Read more: https://www.remotion.dev/docs/troubleshooting/font-loading-errors#render-timeout-when-loading-google-fonts" handle was cleared after 34ms
[Tab 3, delayRender()] "Fetching Inter font {"style":"normal","weight":"500","subset":"latin-ext"}. This might be caused by loading too many font variations. Read more: https://www.remotion.dev/docs/troubleshooting/font-loading-errors#render-timeout-when-loading-google-fonts" handle was cleared after 32ms
[Tab 3, delayRender()] "Fetching Inter font {"style":"normal","weight":"700","subset":"latin-ext"}. This might be caused by loading too many font variations. Read more: https://www.remotion.dev/docs/troubleshooting/font-loading-errors#render-timeout-when-loading-google-fonts" handle was cleared after 32ms
[Tab 0, node_modules/.pnpm/@remotion+google-fonts@4.0.410_react-dom@19.2.4_react@19.2.4__react@19.2.4/node_modules/@remotion/google-fonts/dist/esm/Inter.mjs:95] Made 63 network requests to load fonts for Inter. Consider loading fewer weights and subsets by passing options to loadFont(). Disable this warning by passing "ignoreTooManyRequestsWarning: true" to "options".
[Tab 0, node_modules/.pnpm/@remotion+google-fonts@4.0.410_react-dom@19.2.4_react@19.2.4__react@19.2.4/node_modules/@remotion/google-fonts/dist/esm/Inter.mjs:95] Made 126 network requests to load fonts for Inter. Consider loading fewer weights and subsets by passing options to loadFont(). Disable this warning by passing "ignoreTooManyRequestsWarning: true" to "options".
[Tab 0, delayRender()] "Loading root component - See https://remotion.dev/docs/troubleshooting/loading-root-component if you experience a timeout" handle was cleared after 0ms
[Tab 0, delayRender()] "Fetching Inter font {"style":"italic","weight":"200","subset":"cyrillic"}. This might be caused by loading too many font variations. Read more: https://www.remotion.dev/docs/troubleshooting/font-loading-errors#render-timeout-when-loading-google-fonts" handle was cleared after 12ms
[Tab 0, delayRender()] "Fetching Inter font {"style":"italic","weight":"900","subset":"cyrillic"}. This might be caused by loading too many font variations. Read more: https://www.remotion.dev/docs/troubleshooting/font-loading-errors#render-timeout-when-loading-google-fonts" handle was cleared after 11ms
[Tab 0, delayRender()] "Fetching Inter font {"style":"italic","weight":"800","subset":"cyrillic"}. This might be caused by loading too many font variations. Read more: https://www.remotion.dev/docs/troubleshooting/font-loading-errors#render-timeout-when-loading-google-fonts" handle was cleared after 12ms
[Tab 0, delayRender()] "Fetching Inter font {"style":"italic","weight":"700","subset":"cyrillic"}. This might be caused by loading too many font variations. Read more: https://www.remotion.dev/docs/troubleshooting/font-loading-errors#render-timeout-when-loading-google-fonts" handle was cleared after 12ms
[Tab 0, delayRender()] "Fetching Inter font {"style":"italic","weight":"600","subset":"cyrillic"}. This might be caused by loading too many font variations. Read more: https://www.remotion.dev/docs/troubleshooting/font-loading-errors#render-timeout-when-loading-google-fonts" handle was cleared after 12ms
[Tab 0, delayRender()] "Fetching Inter font {"style":"italic","weight":"500","subset":"cyrillic"}. This might be caused by loading too many font variations. Read more: https://www.remotion.dev/docs/troubleshooting/font-loading-errors#render-timeout-when-loading-google-fonts" handle was cleared after 12ms
[Tab 0, delayRender()] "Fetching Inter font {"style":"italic","weight":"400","subset":"cyrillic"}. This might be caused by loading too many font variations. Read more: https://www.remotion.dev/docs/troubleshooting/font-loading-errors#render-timeout-when-loading-google-fonts" handle was cleared after 12ms
[Tab 0, delayRender()] "Fetching Inter font {"style":"italic","weight":"100","subset":"cyrillic"}. This might be caused by loading too many font variations. Read more: https://www.remotion.dev/docs/troubleshooting/font-loading-errors#render-timeout-when-loading-google-fonts" handle was cleared after 13ms
[Tab 0, delayRender()] "Fetching Inter font {"style":"italic","weight":"300","subset":"cyrillic"}. This might be caused by loading too many font variations. Read more: https://www.remotion.dev/docs/troubleshooting/font-loading-errors#render-timeout-when-loading-google-fonts" handle was cleared after 13ms
[Tab 0, delayRender()] "Fetching Inter font {"style":"italic","weight":"200","subset":"cyrillic-ext"}. This might be caused by loading too many font variations. Read more: https://www.remotion.dev/docs/troubleshooting/font-loading-errors#render-timeout-when-loading-google-fonts" handle was cleared after 13ms
[Tab 0, delayRender()] "Fetching Inter font {"style":"italic","weight":"600","subset":"cyrillic-ext"}. This might be caused by loading too many font variations. Read more: https://www.remotion.dev/docs/troubleshooting/font-loading-errors#render-timeout-when-loading-google-fonts" handle was cleared after 12ms
[Tab 0, delayRender()] "Fetching Inter font {"style":"italic","weight":"800","subset":"cyrillic-ext"}. This might be caused by loading too many font variations. Read more: https://www.remotion.dev/docs/troubleshooting/font-loading-errors#render-timeout-when-loading-google-fonts" handle was cleared after 12ms
[Tab 0, delayRender()] "Fetching Inter font {"style":"italic","weight":"700","subset":"cyrillic-ext"}. This might be caused by loading too many font variations. Read more: https://www.remotion.dev/docs/troubleshooting/font-loading-errors#render-timeout-when-loading-google-fonts" handle was cleared after 12ms
[Tab 0, delayRender()] "Fetching Inter font {"style":"italic","weight":"100","subset":"cyrillic-ext"}. This might be caused by loading too many font variations. Read more: https://www.remotion.dev/docs/troubleshooting/font-loading-errors#render-timeout-when-loading-google-fonts" handle was cleared after 14ms
[Tab 0, delayRender()] "Fetching Inter font {"style":"italic","weight":"500","subset":"cyrillic-ext"}. This might be caused by loading too many font variations. Read more: https://www.remotion.dev/docs/troubleshooting/font-loading-errors#render-timeout-when-loading-google-fonts" handle was cleared after 12ms
[Tab 0, delayRender()] "Fetching Inter font {"style":"italic","weight":"900","subset":"cyrillic-ext"}. This might be caused by loading too many font variations. Read more: https://www.remotion.dev/docs/troubleshooting/font-loading-errors#render-timeout-when-loading-google-fonts" handle was cleared after 11ms
[Tab 0, delayRender()] "Fetching Inter font {"style":"italic","weight":"400","subset":"cyrillic-ext"}. This might be caused by loading too many font variations. Read more: https://www.remotion.dev/docs/troubleshooting/font-loading-errors#render-timeout-when-loading-google-fonts" handle was cleared after 12ms
[Tab 0, delayRender()] "Fetching Inter font {"style":"italic","weight":"300","subset":"cyrillic-ext"}. This might be caused by loading too many font variations. Read more: https://www.remotion.dev/docs/troubleshooting/font-loading-errors#render-timeout-when-loading-google-fonts" handle was cleared after 13ms
[Tab 0, delayRender()] "Fetching Inter font {"style":"italic","weight":"600","subset":"vietnamese"}. This might be caused by loading too many font variations. Read more: https://www.remotion.dev/docs/troubleshooting/font-loading-errors#render-timeout-when-loading-google-fonts" handle was cleared after 12ms
[Tab 0, delayRender()] "Fetching Inter font {"style":"italic","weight":"900","subset":"vietnamese"}. This might be caused by loading too many font variations. Read more: https://www.remotion.dev/docs/troubleshooting/font-loading-errors#render-timeout-when-loading-google-fonts" handle was cleared after 11ms
[Tab 0, delayRender()] "Fetching Inter font {"style":"italic","weight":"200","subset":"vietnamese"}. This might be caused by loading too many font variations. Read more: https://www.remotion.dev/docs/troubleshooting/font-loading-errors#render-timeout-when-loading-google-fonts" handle was cleared after 13ms
[Tab 0, delayRender()] "Fetching Inter font {"style":"italic","weight":"800","subset":"vietnamese"}. This might be caused by loading too many font variations. Read more: https://www.remotion.dev/docs/troubleshooting/font-loading-errors#render-timeout-when-loading-google-fonts" handle was cleared after 12ms
[Tab 0, delayRender()] "Fetching Inter font {"style":"italic","weight":"300","subset":"vietnamese"}. This might be caused by loading too many font variations. Read more: https://www.remotion.dev/docs/troubleshooting/font-loading-errors#render-timeout-when-loading-google-fonts" handle was cleared after 12ms
[Tab 0, delayRender()] "Fetching Inter font {"style":"italic","weight":"400","subset":"vietnamese"}. This might be caused by loading too many font variations. Read more: https://www.remotion.dev/docs/troubleshooting/font-loading-errors#render-timeout-when-loading-google-fonts" handle was cleared after 12ms
[Tab 0, delayRender()] "Fetching Inter font {"style":"italic","weight":"500","subset":"vietnamese"}. This might be caused by loading too many font variations. Read more: https://www.remotion.dev/docs/troubleshooting/font-loading-errors#render-timeout-when-loading-google-fonts" handle was cleared after 12ms
[Tab 0, delayRender()] "Fetching Inter font {"style":"italic","weight":"100","subset":"vietnamese"}. This might be caused by loading too many font variations. Read more: https://www.remotion.dev/docs/troubleshooting/font-loading-errors#render-timeout-when-loading-google-fonts" handle was cleared after 13ms
[Tab 0, delayRender()] "Fetching Inter font {"style":"italic","weight":"700","subset":"vietnamese"}. This might be caused by loading too many font variations. Read more: https://www.remotion.dev/docs/troubleshooting/font-loading-errors#render-timeout-when-loading-google-fonts" handle was cleared after 12ms
[Tab 0, delayRender()] "Fetching Inter font {"style":"italic","weight":"900","subset":"latin"}. This might be caused by loading too many font variations. Read more: https://www.remotion.dev/docs/troubleshooting/font-loading-errors#render-timeout-when-loading-google-fonts" handle was cleared after 11ms
[Tab 0, delayRender()] "Fetching Inter font {"style":"italic","weight":"200","subset":"latin"}. This might be caused by loading too many font variations. Read more: https://www.remotion.dev/docs/troubleshooting/font-loading-errors#render-timeout-when-loading-google-fonts" handle was cleared after 13ms
[Tab 0, delayRender()] "Fetching Inter font {"style":"italic","weight":"500","subset":"latin"}. This might be caused by loading too many font variations. Read more: https://www.remotion.dev/docs/troubleshooting/font-loading-errors#render-timeout-when-loading-google-fonts" handle was cleared after 12ms
[Tab 0, delayRender()] "Fetching Inter font {"style":"italic","weight":"700","subset":"latin"}. This might be caused by loading too many font variations. Read more: https://www.remotion.dev/docs/troubleshooting/font-loading-errors#render-timeout-when-loading-google-fonts" handle was cleared after 12ms
[Tab 0, delayRender()] "Fetching Inter font {"style":"italic","weight":"300","subset":"latin"}. This might be caused by loading too many font variations. Read more: https://www.remotion.dev/docs/troubleshooting/font-loading-errors#render-timeout-when-loading-google-fonts" handle was cleared after 13ms
[Tab 0, delayRender()] "Fetching Inter font {"style":"italic","weight":"400","subset":"latin"}. This might be caused by loading too many font variations. Read more: https://www.remotion.dev/docs/troubleshooting/font-loading-errors#render-timeout-when-loading-google-fonts" handle was cleared after 13ms
[Tab 0, delayRender()] "Fetching Inter font {"style":"italic","weight":"100","subset":"latin"}. This might be caused by loading too many font variations. Read more: https://www.remotion.dev/docs/troubleshooting/font-loading-errors#render-timeout-when-loading-google-fonts" handle was cleared after 14ms
[Tab 0, delayRender()] "Fetching Inter font {"style":"italic","weight":"800","subset":"latin"}. This might be caused by loading too many font variations. Read more: https://www.remotion.dev/docs/troubleshooting/font-loading-errors#render-timeout-when-loading-google-fonts" handle was cleared after 12ms
[Tab 0, delayRender()] "Fetching Inter font {"style":"italic","weight":"600","subset":"latin"}. This might be caused by loading too many font variations. Read more: https://www.remotion.dev/docs/troubleshooting/font-loading-errors#render-timeout-when-loading-google-fonts" handle was cleared after 13ms
[Tab 0, delayRender()] "Fetching Inter font {"style":"italic","weight":"400","subset":"greek"}. This might be caused by loading too many font variations. Read more: https://www.remotion.dev/docs/troubleshooting/font-loading-errors#render-timeout-when-loading-google-fonts" handle was cleared after 13ms
[Tab 0, delayRender()] "Fetching Inter font {"style":"italic","weight":"200","subset":"greek"}. This might be caused by loading too many font variations. Read more: https://www.remotion.dev/docs/troubleshooting/font-loading-errors#render-timeout-when-loading-google-fonts" handle was cleared after 14ms
[Tab 0, delayRender()] "Fetching Inter font {"style":"italic","weight":"600","subset":"greek"}. This might be caused by loading too many font variations. Read more: https://www.remotion.dev/docs/troubleshooting/font-loading-errors#render-timeout-when-loading-google-fonts" handle was cleared after 13ms
[Tab 0, delayRender()] "Fetching Inter font {"style":"italic","weight":"700","subset":"greek"}. This might be caused by loading too many font variations. Read more: https://www.remotion.dev/docs/troubleshooting/font-loading-errors#render-timeout-when-loading-google-fonts" handle was cleared after 13ms
[Tab 0, delayRender()] "Fetching Inter font {"style":"italic","weight":"500","subset":"greek"}. This might be caused by loading too many font variations. Read more: https://www.remotion.dev/docs/troubleshooting/font-loading-errors#render-timeout-when-loading-google-fonts" handle was cleared after 13ms
[Tab 0, delayRender()] "Fetching Inter font {"style":"italic","weight":"300","subset":"greek"}. This might be caused by loading too many font variations. Read more: https://www.remotion.dev/docs/troubleshooting/font-loading-errors#render-timeout-when-loading-google-fonts" handle was cleared after 14ms
[Tab 0, delayRender()] "Fetching Inter font {"style":"italic","weight":"100","subset":"greek"}. This might be caused by loading too many font variations. Read more: https://www.remotion.dev/docs/troubleshooting/font-loading-errors#render-timeout-when-loading-google-fonts" handle was cleared after 14ms
[Tab 0, delayRender()] "Fetching Inter font {"style":"italic","weight":"900","subset":"greek"}. This might be caused by loading too many font variations. Read more: https://www.remotion.dev/docs/troubleshooting/font-loading-errors#render-timeout-when-loading-google-fonts" handle was cleared after 12ms
[Tab 0, delayRender()] "Fetching Inter font {"style":"italic","weight":"800","subset":"greek"}. This might be caused by loading too many font variations. Read more: https://www.remotion.dev/docs/troubleshooting/font-loading-errors#render-timeout-when-loading-google-fonts" handle was cleared after 13ms
[Tab 0, delayRender()] "Fetching Inter font {"style":"italic","weight":"800","subset":"greek-ext"}. This might be caused by loading too many font variations. Read more: https://www.remotion.dev/docs/troubleshooting/font-loading-errors#render-timeout-when-loading-google-fonts" handle was cleared after 13ms
[Tab 0, delayRender()] "Fetching Inter font {"style":"italic","weight":"900","subset":"greek-ext"}. This might be caused by loading too many font variations. Read more: https://www.remotion.dev/docs/troubleshooting/font-loading-errors#render-timeout-when-loading-google-fonts" handle was cleared after 12ms
[Tab 0, delayRender()] "Fetching Inter font {"style":"italic","weight":"200","subset":"greek-ext"}. This might be caused by loading too many font variations. Read more: https://www.remotion.dev/docs/troubleshooting/font-loading-errors#render-timeout-when-loading-google-fonts" handle was cleared after 14ms
[Tab 0, delayRender()] "Fetching Inter font {"style":"italic","weight":"300","subset":"greek-ext"}. This might be caused by loading too many font variations. Read more: https://www.remotion.dev/docs/troubleshooting/font-loading-errors#render-timeout-when-loading-google-fonts" handle was cleared after 14ms
[Tab 0, delayRender()] "Fetching Inter font {"style":"italic","weight":"100","subset":"greek-ext"}. This might be caused by loading too many font variations. Read more: https://www.remotion.dev/docs/troubleshooting/font-loading-errors#render-timeout-when-loading-google-fonts" handle was cleared after 14ms
[Tab 0, delayRender()] "Fetching Inter font {"style":"italic","weight":"500","subset":"greek-ext"}. This might be caused by loading too many font variations. Read more: https://www.remotion.dev/docs/troubleshooting/font-loading-errors#render-timeout-when-loading-google-fonts" handle was cleared after 13ms
[Tab 0, delayRender()] "Fetching Inter font {"style":"italic","weight":"400","subset":"greek-ext"}. This might be caused by loading too many font variations. Read more: https://www.remotion.dev/docs/troubleshooting/font-loading-errors#render-timeout-when-loading-google-fonts" handle was cleared after 13ms
[Tab 0, delayRender()] "Fetching Inter font {"style":"italic","weight":"700","subset":"greek-ext"}. This might be caused by loading too many font variations. Read more: https://www.remotion.dev/docs/troubleshooting/font-loading-errors#render-timeout-when-loading-google-fonts" handle was cleared after 13ms
[Tab 0, delayRender()] "Fetching Inter font {"style":"italic","weight":"600","subset":"greek-ext"}. This might be caused by loading too many font variations. Read more: https://www.remotion.dev/docs/troubleshooting/font-loading-errors#render-timeout-when-loading-google-fonts" handle was cleared after 13ms
[Tab 0, delayRender()] "Fetching Inter font {"style":"italic","weight":"100","subset":"latin-ext"}. This might be caused by loading too many font variations. Read more: https://www.remotion.dev/docs/troubleshooting/font-loading-errors#render-timeout-when-loading-google-fonts" handle was cleared after 14ms
[Tab 0, delayRender()] "Fetching Inter font {"style":"italic","weight":"500","subset":"latin-ext"}. This might be caused by loading too many font variations. Read more: https://www.remotion.dev/docs/troubleshooting/font-loading-errors#render-timeout-when-loading-google-fonts" handle was cleared after 13ms
[Tab 0, delayRender()] "Fetching Inter font {"style":"italic","weight":"800","subset":"latin-ext"}. This might be caused by loading too many font variations. Read more: https://www.remotion.dev/docs/troubleshooting/font-loading-errors#render-timeout-when-loading-google-fonts" handle was cleared after 13ms
[Tab 0, delayRender()] "Fetching Inter font {"style":"italic","weight":"300","subset":"latin-ext"}. This might be caused by loading too many font variations. Read more: https://www.remotion.dev/docs/troubleshooting/font-loading-errors#render-timeout-when-loading-google-fonts" handle was cleared after 13ms
[Tab 0, delayRender()] "Fetching Inter font {"style":"italic","weight":"200","subset":"latin-ext"}. This might be caused by loading too many font variations. Read more: https://www.remotion.dev/docs/troubleshooting/font-loading-errors#render-timeout-when-loading-google-fonts" handle was cleared after 14ms
[Tab 0, delayRender()] "Fetching Inter font {"style":"italic","weight":"600","subset":"latin-ext"}. This might be caused by loading too many font variations. Read more: https://www.remotion.dev/docs/troubleshooting/font-loading-errors#render-timeout-when-loading-google-fonts" handle was cleared after 13ms
[Tab 0, delayRender()] "Fetching Inter font {"style":"italic","weight":"400","subset":"latin-ext"}. This might be caused by loading too many font variations. Read more: https://www.remotion.dev/docs/troubleshooting/font-loading-errors#render-timeout-when-loading-google-fonts" handle was cleared after 13ms
[Tab 0, delayRender()] "Fetching Inter font {"style":"italic","weight":"900","subset":"latin-ext"}. This might be caused by loading too many font variations. Read more: https://www.remotion.dev/docs/troubleshooting/font-loading-errors#render-timeout-when-loading-google-fonts" handle was cleared after 12ms
[Tab 0, delayRender()] "Fetching Inter font {"style":"italic","weight":"700","subset":"latin-ext"}. This might be caused by loading too many font variations. Read more: https://www.remotion.dev/docs/troubleshooting/font-loading-errors#render-timeout-when-loading-google-fonts" handle was cleared after 13ms
[Tab 0, delayRender()] "Fetching Inter font {"style":"normal","weight":"100","subset":"cyrillic"}. This might be caused by loading too many font variations. Read more: https://www.remotion.dev/docs/troubleshooting/font-loading-errors#render-timeout-when-loading-google-fonts" handle was cleared after 12ms
[Tab 0, delayRender()] "Fetching Inter font {"style":"normal","weight":"900","subset":"cyrillic"}. This might be caused by loading too many font variations. Read more: https://www.remotion.dev/docs/troubleshooting/font-loading-errors#render-timeout-when-loading-google-fonts" handle was cleared after 10ms
[Tab 0, delayRender()] "Fetching Inter font {"style":"normal","weight":"800","subset":"cyrillic"}. This might be caused by loading too many font variations. Read more: https://www.remotion.dev/docs/troubleshooting/font-loading-errors#render-timeout-when-loading-google-fonts" handle was cleared after 10ms
[Tab 0, delayRender()] "Fetching Inter font {"style":"normal","weight":"600","subset":"cyrillic"}. This might be caused by loading too many font variations. Read more: https://www.remotion.dev/docs/troubleshooting/font-loading-errors#render-timeout-when-loading-google-fonts" handle was cleared after 10ms
[Tab 0, delayRender()] "Fetching Inter font {"style":"normal","weight":"200","subset":"cyrillic"}. This might be caused by loading too many font variations. Read more: https://www.remotion.dev/docs/troubleshooting/font-loading-errors#render-timeout-when-loading-google-fonts" handle was cleared after 12ms
[Tab 0, delayRender()] "Fetching Inter font {"style":"normal","weight":"500","subset":"cyrillic"}. This might be caused by loading too many font variations. Read more: https://www.remotion.dev/docs/troubleshooting/font-loading-errors#render-timeout-when-loading-google-fonts" handle was cleared after 11ms
[Tab 0, delayRender()] "Fetching Inter font {"style":"normal","weight":"300","subset":"cyrillic"}. This might be caused by loading too many font variations. Read more: https://www.remotion.dev/docs/troubleshooting/font-loading-errors#render-timeout-when-loading-google-fonts" handle was cleared after 12ms
[Tab 0, delayRender()] "Fetching Inter font {"style":"normal","weight":"700","subset":"cyrillic"}. This might be caused by loading too many font variations. Read more: https://www.remotion.dev/docs/troubleshooting/font-loading-errors#render-timeout-when-loading-google-fonts" handle was cleared after 10ms
[Tab 0, delayRender()] "Fetching Inter font {"style":"normal","weight":"400","subset":"cyrillic"}. This might be caused by loading too many font variations. Read more: https://www.remotion.dev/docs/troubleshooting/font-loading-errors#render-timeout-when-loading-google-fonts" handle was cleared after 11ms
[Tab 0, delayRender()] "Fetching Inter font {"style":"normal","weight":"400","subset":"vietnamese"}. This might be caused by loading too many font variations. Read more: https://www.remotion.dev/docs/troubleshooting/font-loading-errors#render-timeout-when-loading-google-fonts" handle was cleared after 12ms
[Tab 0, delayRender()] "Fetching Inter font {"style":"normal","weight":"900","subset":"vietnamese"}. This might be caused by loading too many font variations. Read more: https://www.remotion.dev/docs/troubleshooting/font-loading-errors#render-timeout-when-loading-google-fonts" handle was cleared after 11ms
[Tab 0, delayRender()] "Fetching Inter font {"style":"normal","weight":"500","subset":"vietnamese"}. This might be caused by loading too many font variations. Read more: https://www.remotion.dev/docs/troubleshooting/font-loading-errors#render-timeout-when-loading-google-fonts" handle was cleared after 11ms
[Tab 0, delayRender()] "Fetching Inter font {"style":"normal","weight":"600","subset":"vietnamese"}. This might be caused by loading too many font variations. Read more: https://www.remotion.dev/docs/troubleshooting/font-loading-errors#render-timeout-when-loading-google-fonts" handle was cleared after 11ms
[Tab 0, delayRender()] "Fetching Inter font {"style":"normal","weight":"700","subset":"vietnamese"}. This might be caused by loading too many font variations. Read more: https://www.remotion.dev/docs/troubleshooting/font-loading-errors#render-timeout-when-loading-google-fonts" handle was cleared after 11ms
[Tab 0, delayRender()] "Fetching Inter font {"style":"normal","weight":"300","subset":"vietnamese"}. This might be caused by loading too many font variations. Read more: https://www.remotion.dev/docs/troubleshooting/font-loading-errors#render-timeout-when-loading-google-fonts" handle was cleared after 13ms
[Tab 0, delayRender()] "Fetching Inter font {"style":"normal","weight":"200","subset":"vietnamese"}. This might be caused by loading too many font variations. Read more: https://www.remotion.dev/docs/troubleshooting/font-loading-errors#render-timeout-when-loading-google-fonts" handle was cleared after 13ms
[Tab 0, delayRender()] "Fetching Inter font {"style":"normal","weight":"100","subset":"vietnamese"}. This might be caused by loading too many font variations. Read more: https://www.remotion.dev/docs/troubleshooting/font-loading-errors#render-timeout-when-loading-google-fonts" handle was cleared after 13ms
[Tab 0, delayRender()] "Fetching Inter font {"style":"normal","weight":"800","subset":"vietnamese"}. This might be caused by loading too many font variations. Read more: https://www.remotion.dev/docs/troubleshooting/font-loading-errors#render-timeout-when-loading-google-fonts" handle was cleared after 11ms
[Tab 0, delayRender()] "Fetching Inter font {"style":"normal","weight":"600","subset":"greek-ext"}. This might be caused by loading too many font variations. Read more: https://www.remotion.dev/docs/troubleshooting/font-loading-errors#render-timeout-when-loading-google-fonts" handle was cleared after 11ms
[Tab 0, delayRender()] "Fetching Inter font {"style":"normal","weight":"200","subset":"greek-ext"}. This might be caused by loading too many font variations. Read more: https://www.remotion.dev/docs/troubleshooting/font-loading-errors#render-timeout-when-loading-google-fonts" handle was cleared after 13ms
[Tab 0, delayRender()] "Fetching Inter font {"style":"normal","weight":"300","subset":"greek-ext"}. This might be caused by loading too many font variations. Read more: https://www.remotion.dev/docs/troubleshooting/font-loading-errors#render-timeout-when-loading-google-fonts" handle was cleared after 13ms
[Tab 0, delayRender()] "Fetching Inter font {"style":"normal","weight":"100","subset":"greek-ext"}. This might be caused by loading too many font variations. Read more: https://www.remotion.dev/docs/troubleshooting/font-loading-errors#render-timeout-when-loading-google-fonts" handle was cleared after 13ms
[Tab 0, delayRender()] "Fetching Inter font {"style":"normal","weight":"500","subset":"greek-ext"}. This might be caused by loading too many font variations. Read more: https://www.remotion.dev/docs/troubleshooting/font-loading-errors#render-timeout-when-loading-google-fonts" handle was cleared after 12ms
[Tab 0, delayRender()] "Fetching Inter font {"style":"normal","weight":"400","subset":"greek-ext"}. This might be caused by loading too many font variations. Read more: https://www.remotion.dev/docs/troubleshooting/font-loading-errors#render-timeout-when-loading-google-fonts" handle was cleared after 12ms
[Tab 0, delayRender()] "Fetching Inter font {"style":"normal","weight":"700","subset":"greek-ext"}. This might be caused by loading too many font variations. Read more: https://www.remotion.dev/docs/troubleshooting/font-loading-errors#render-timeout-when-loading-google-fonts" handle was cleared after 11ms
[Tab 0, delayRender()] "Fetching Inter font {"style":"normal","weight":"800","subset":"greek-ext"}. This might be caused by loading too many font variations. Read more: https://www.remotion.dev/docs/troubleshooting/font-loading-errors#render-timeout-when-loading-google-fonts" handle was cleared after 11ms
[Tab 0, delayRender()] "Fetching Inter font {"style":"normal","weight":"900","subset":"greek-ext"}. This might be caused by loading too many font variations. Read more: https://www.remotion.dev/docs/troubleshooting/font-loading-errors#render-timeout-when-loading-google-fonts" handle was cleared after 11ms
[Tab 0, delayRender()] "Fetching Inter font {"style":"normal","weight":"500","subset":"cyrillic-ext"}. This might be caused by loading too many font variations. Read more: https://www.remotion.dev/docs/troubleshooting/font-loading-errors#render-timeout-when-loading-google-fonts" handle was cleared after 12ms
[Tab 0, delayRender()] "Fetching Inter font {"style":"normal","weight":"900","subset":"cyrillic-ext"}. This might be caused by loading too many font variations. Read more: https://www.remotion.dev/docs/troubleshooting/font-loading-errors#render-timeout-when-loading-google-fonts" handle was cleared after 11ms
[Tab 0, delayRender()] "Fetching Inter font {"style":"normal","weight":"200","subset":"cyrillic-ext"}. This might be caused by loading too many font variations. Read more: https://www.remotion.dev/docs/troubleshooting/font-loading-errors#render-timeout-when-loading-google-fonts" handle was cleared after 13ms
[Tab 0, delayRender()] "Fetching Inter font {"style":"normal","weight":"400","subset":"cyrillic-ext"}. This might be caused by loading too many font variations. Read more: https://www.remotion.dev/docs/troubleshooting/font-loading-errors#render-timeout-when-loading-google-fonts" handle was cleared after 12ms
[Tab 0, delayRender()] "Fetching Inter font {"style":"normal","weight":"800","subset":"cyrillic-ext"}. This might be caused by loading too many font variations. Read more: https://www.remotion.dev/docs/troubleshooting/font-loading-errors#render-timeout-when-loading-google-fonts" handle was cleared after 11ms
[Tab 0, delayRender()] "Fetching Inter font {"style":"normal","weight":"100","subset":"cyrillic-ext"}. This might be caused by loading too many font variations. Read more: https://www.remotion.dev/docs/troubleshooting/font-loading-errors#render-timeout-when-loading-google-fonts" handle was cleared after 13ms
[Tab 0, delayRender()] "Fetching Inter font {"style":"normal","weight":"600","subset":"cyrillic-ext"}. This might be caused by loading too many font variations. Read more: https://www.remotion.dev/docs/troubleshooting/font-loading-errors#render-timeout-when-loading-google-fonts" handle was cleared after 11ms
[Tab 0, delayRender()] "Fetching Inter font {"style":"normal","weight":"300","subset":"cyrillic-ext"}. This might be caused by loading too many font variations. Read more: https://www.remotion.dev/docs/troubleshooting/font-loading-errors#render-timeout-when-loading-google-fonts" handle was cleared after 13ms
[Tab 0, delayRender()] "Fetching Inter font {"style":"normal","weight":"700","subset":"cyrillic-ext"}. This might be caused by loading too many font variations. Read more: https://www.remotion.dev/docs/troubleshooting/font-loading-errors#render-timeout-when-loading-google-fonts" handle was cleared after 11ms
[Tab 0, delayRender()] "Fetching Inter font {"style":"normal","weight":"300","subset":"greek"}. This might be caused by loading too many font variations. Read more: https://www.remotion.dev/docs/troubleshooting/font-loading-errors#render-timeout-when-loading-google-fonts" handle was cleared after 13ms
[Tab 0, delayRender()] "Fetching Inter font {"style":"normal","weight":"600","subset":"greek"}. This might be caused by loading too many font variations. Read more: https://www.remotion.dev/docs/troubleshooting/font-loading-errors#render-timeout-when-loading-google-fonts" handle was cleared after 11ms
[Tab 0, delayRender()] "Fetching Inter font {"style":"normal","weight":"800","subset":"greek"}. This might be caused by loading too many font variations. Read more: https://www.remotion.dev/docs/troubleshooting/font-loading-errors#render-timeout-when-loading-google-fonts" handle was cleared after 11ms
[Tab 0, delayRender()] "Fetching Inter font {"style":"normal","weight":"400","subset":"greek"}. This might be caused by loading too many font variations. Read more: https://www.remotion.dev/docs/troubleshooting/font-loading-errors#render-timeout-when-loading-google-fonts" handle was cleared after 12ms
[Tab 0, delayRender()] "Fetching Inter font {"style":"normal","weight":"100","subset":"greek"}. This might be caused by loading too many font variations. Read more: https://www.remotion.dev/docs/troubleshooting/font-loading-errors#render-timeout-when-loading-google-fonts" handle was cleared after 13ms
[Tab 0, delayRender()] "Fetching Inter font {"style":"normal","weight":"700","subset":"greek"}. This might be caused by loading too many font variations. Read more: https://www.remotion.dev/docs/troubleshooting/font-loading-errors#render-timeout-when-loading-google-fonts" handle was cleared after 11ms
[Tab 0, delayRender()] "Fetching Inter font {"style":"normal","weight":"900","subset":"greek"}. This might be caused by loading too many font variations. Read more: https://www.remotion.dev/docs/troubleshooting/font-loading-errors#render-timeout-when-loading-google-fonts" handle was cleared after 11ms
[Tab 0, delayRender()] "Fetching Inter font {"style":"normal","weight":"200","subset":"greek"}. This might be caused by loading too many font variations. Read more: https://www.remotion.dev/docs/troubleshooting/font-loading-errors#render-timeout-when-loading-google-fonts" handle was cleared after 13ms
[Tab 0, delayRender()] "Fetching Inter font {"style":"normal","weight":"500","subset":"greek"}. This might be caused by loading too many font variations. Read more: https://www.remotion.dev/docs/troubleshooting/font-loading-errors#render-timeout-when-loading-google-fonts" handle was cleared after 11ms
[Tab 0, delayRender()] "Fetching Inter font {"style":"normal","weight":"100","subset":"latin"}. This might be caused by loading too many font variations. Read more: https://www.remotion.dev/docs/troubleshooting/font-loading-errors#render-timeout-when-loading-google-fonts" handle was cleared after 13ms
[Tab 0, delayRender()] "Fetching Inter font {"style":"normal","weight":"300","subset":"latin"}. This might be caused by loading too many font variations. Read more: https://www.remotion.dev/docs/troubleshooting/font-loading-errors#render-timeout-when-loading-google-fonts" handle was cleared after 12ms
[Tab 0, delayRender()] "Fetching Inter font {"style":"normal","weight":"900","subset":"latin"}. This might be caused by loading too many font variations. Read more: https://www.remotion.dev/docs/troubleshooting/font-loading-errors#render-timeout-when-loading-google-fonts" handle was cleared after 11ms
[Tab 0, delayRender()] "Fetching Inter font {"style":"normal","weight":"700","subset":"latin"}. This might be caused by loading too many font variations. Read more: https://www.remotion.dev/docs/troubleshooting/font-loading-errors#render-timeout-when-loading-google-fonts" handle was cleared after 11ms
[Tab 0, delayRender()] "Fetching Inter font {"style":"normal","weight":"500","subset":"latin"}. This might be caused by loading too many font variations. Read more: https://www.remotion.dev/docs/troubleshooting/font-loading-errors#render-timeout-when-loading-google-fonts" handle was cleared after 11ms
[Tab 0, delayRender()] "Fetching Inter font {"style":"normal","weight":"600","subset":"latin"}. This might be caused by loading too many font variations. Read more: https://www.remotion.dev/docs/troubleshooting/font-loading-errors#render-timeout-when-loading-google-fonts" handle was cleared after 11ms
[Tab 0, delayRender()] "Fetching Inter font {"style":"normal","weight":"400","subset":"latin"}. This might be caused by loading too many font variations. Read more: https://www.remotion.dev/docs/troubleshooting/font-loading-errors#render-timeout-when-loading-google-fonts" handle was cleared after 13ms
[Tab 0, delayRender()] "Fetching Inter font {"style":"normal","weight":"800","subset":"latin"}. This might be caused by loading too many font variations. Read more: https://www.remotion.dev/docs/troubleshooting/font-loading-errors#render-timeout-when-loading-google-fonts" handle was cleared after 12ms
[Tab 0, delayRender()] "Fetching Inter font {"style":"normal","weight":"200","subset":"latin"}. This might be caused by loading too many font variations. Read more: https://www.remotion.dev/docs/troubleshooting/font-loading-errors#render-timeout-when-loading-google-fonts" handle was cleared after 14ms
[Tab 0, delayRender()] "Fetching Inter font {"style":"normal","weight":"200","subset":"latin-ext"}. This might be caused by loading too many font variations. Read more: https://www.remotion.dev/docs/troubleshooting/font-loading-errors#render-timeout-when-loading-google-fonts" handle was cleared after 14ms
[Tab 0, delayRender()] "Fetching Inter font {"style":"normal","weight":"100","subset":"latin-ext"}. This might be caused by loading too many font variations. Read more: https://www.remotion.dev/docs/troubleshooting/font-loading-errors#render-timeout-when-loading-google-fonts" handle was cleared after 14ms
[Tab 0, delayRender()] "Fetching Inter font {"style":"normal","weight":"600","subset":"latin-ext"}. This might be caused by loading too many font variations. Read more: https://www.remotion.dev/docs/troubleshooting/font-loading-errors#render-timeout-when-loading-google-fonts" handle was cleared after 12ms
[Tab 0, delayRender()] "Fetching Inter font {"style":"normal","weight":"900","subset":"latin-ext"}. This might be caused by loading too many font variations. Read more: https://www.remotion.dev/docs/troubleshooting/font-loading-errors#render-timeout-when-loading-google-fonts" handle was cleared after 12ms
[Tab 0, delayRender()] "Fetching Inter font {"style":"normal","weight":"800","subset":"latin-ext"}. This might be caused by loading too many font variations. Read more: https://www.remotion.dev/docs/troubleshooting/font-loading-errors#render-timeout-when-loading-google-fonts" handle was cleared after 12ms
[Tab 0, delayRender()] "Fetching Inter font {"style":"normal","weight":"400","subset":"latin-ext"}. This might be caused by loading too many font variations. Read more: https://www.remotion.dev/docs/troubleshooting/font-loading-errors#render-timeout-when-loading-google-fonts" handle was cleared after 13ms
[Tab 0, delayRender()] "Fetching Inter font {"style":"normal","weight":"300","subset":"latin-ext"}. This might be caused by loading too many font variations. Read more: https://www.remotion.dev/docs/troubleshooting/font-loading-errors#render-timeout-when-loading-google-fonts" handle was cleared after 14ms
[Tab 0, delayRender()] "Fetching Inter font {"style":"normal","weight":"500","subset":"latin-ext"}. This might be caused by loading too many font variations. Read more: https://www.remotion.dev/docs/troubleshooting/font-loading-errors#render-timeout-when-loading-google-fonts" handle was cleared after 12ms
[Tab 0, delayRender()] "Fetching Inter font {"style":"normal","weight":"700","subset":"latin-ext"}. This might be caused by loading too many font variations. Read more: https://www.remotion.dev/docs/troubleshooting/font-loading-errors#render-timeout-when-loading-google-fonts" handle was cleared after 12ms
[Tab 0, delayRender()] "Fetching Outfit font {"style":"normal","weight":"900","subset":"latin"}. This might be caused by loading too many font variations. Read more: https://www.remotion.dev/docs/troubleshooting/font-loading-errors#render-timeout-when-loading-google-fonts" handle was cleared after 11ms
[Tab 0, delayRender()] "Fetching Outfit font {"style":"normal","weight":"200","subset":"latin"}. This might be caused by loading too many font variations. Read more: https://www.remotion.dev/docs/troubleshooting/font-loading-errors#render-timeout-when-loading-google-fonts" handle was cleared after 11ms
[Tab 0, delayRender()] "Fetching Outfit font {"style":"normal","weight":"800","subset":"latin"}. This might be caused by loading too many font variations. Read more: https://www.remotion.dev/docs/troubleshooting/font-loading-errors#render-timeout-when-loading-google-fonts" handle was cleared after 11ms
[Tab 0, delayRender()] "Fetching Outfit font {"style":"normal","weight":"700","subset":"latin"}. This might be caused by loading too many font variations. Read more: https://www.remotion.dev/docs/troubleshooting/font-loading-errors#render-timeout-when-loading-google-fonts" handle was cleared after 11ms
[Tab 0, delayRender()] "Fetching Outfit font {"style":"normal","weight":"300","subset":"latin"}. This might be caused by loading too many font variations. Read more: https://www.remotion.dev/docs/troubleshooting/font-loading-errors#render-timeout-when-loading-google-fonts" handle was cleared after 11ms
[Tab 0, delayRender()] "Fetching Outfit font {"style":"normal","weight":"500","subset":"latin"}. This might be caused by loading too many font variations. Read more: https://www.remotion.dev/docs/troubleshooting/font-loading-errors#render-timeout-when-loading-google-fonts" handle was cleared after 11ms
[Tab 0, delayRender()] "Fetching Outfit font {"style":"normal","weight":"600","subset":"latin"}. This might be caused by loading too many font variations. Read more: https://www.remotion.dev/docs/troubleshooting/font-loading-errors#render-timeout-when-loading-google-fonts" handle was cleared after 11ms
[Tab 0, delayRender()] "Fetching Outfit font {"style":"normal","weight":"400","subset":"latin"}. This might be caused by loading too many font variations. Read more: https://www.remotion.dev/docs/troubleshooting/font-loading-errors#render-timeout-when-loading-google-fonts" handle was cleared after 11ms
[Tab 0, delayRender()] "Fetching Outfit font {"style":"normal","weight":"100","subset":"latin"}. This might be caused by loading too many font variations. Read more: https://www.remotion.dev/docs/troubleshooting/font-loading-errors#render-timeout-when-loading-google-fonts" handle was cleared after 11ms
[Tab 0, delayRender()] "Fetching Outfit font {"style":"normal","weight":"400","subset":"latin-ext"}. This might be caused by loading too many font variations. Read more: https://www.remotion.dev/docs/troubleshooting/font-loading-errors#render-timeout-when-loading-google-fonts" handle was cleared after 11ms
[Tab 0, delayRender()] "Fetching Outfit font {"style":"normal","weight":"200","subset":"latin-ext"}. This might be caused by loading too many font variations. Read more: https://www.remotion.dev/docs/troubleshooting/font-loading-errors#render-timeout-when-loading-google-fonts" handle was cleared after 11ms
[Tab 0, delayRender()] "Fetching Outfit font {"style":"normal","weight":"300","subset":"latin-ext"}. This might be caused by loading too many font variations. Read more: https://www.remotion.dev/docs/troubleshooting/font-loading-errors#render-timeout-when-loading-google-fonts" handle was cleared after 11ms
[Tab 0, delayRender()] "Fetching Outfit font {"style":"normal","weight":"700","subset":"latin-ext"}. This might be caused by loading too many font variations. Read more: https://www.remotion.dev/docs/troubleshooting/font-loading-errors#render-timeout-when-loading-google-fonts" handle was cleared after 11ms
[Tab 0, delayRender()] "Fetching Outfit font {"style":"normal","weight":"900","subset":"latin-ext"}. This might be caused by loading too many font variations. Read more: https://www.remotion.dev/docs/troubleshooting/font-loading-errors#render-timeout-when-loading-google-fonts" handle was cleared after 11ms
[Tab 0, delayRender()] "Fetching Outfit font {"style":"normal","weight":"500","subset":"latin-ext"}. This might be caused by loading too many font variations. Read more: https://www.remotion.dev/docs/troubleshooting/font-loading-errors#render-timeout-when-loading-google-fonts" handle was cleared after 11ms
[Tab 0, delayRender()] "Fetching Outfit font {"style":"normal","weight":"800","subset":"latin-ext"}. This might be caused by loading too many font variations. Read more: https://www.remotion.dev/docs/troubleshooting/font-loading-errors#render-timeout-when-loading-google-fonts" handle was cleared after 11ms
[Tab 0, delayRender()] "Fetching Outfit font {"style":"normal","weight":"100","subset":"latin-ext"}. This might be caused by loading too many font variations. Read more: https://www.remotion.dev/docs/troubleshooting/font-loading-errors#render-timeout-when-loading-google-fonts" handle was cleared after 11ms
[Tab 0, delayRender()] "Fetching Outfit font {"style":"normal","weight":"600","subset":"latin-ext"}. This might be caused by loading too many font variations. Read more: https://www.remotion.dev/docs/troubleshooting/font-loading-errors#render-timeout-when-loading-google-fonts" handle was cleared after 11ms
[Tab 3, delayRender()] "Waiting for Composition "AlizeExplainerPortrait"" handle was cleared after 6ms
[Tab 2, delayRender()] "Waiting for Composition "AlizeExplainerPortrait"" handle was cleared after 5ms
[Tab 0, delayRender()] "Waiting for Composition "AlizeExplainerPortrait"" handle was cleared after 5ms
[Tab 1, delayRender()] "Waiting for Composition "AlizeExplainerPortrait"" handle was cleared after 6ms
[Tab 2, delayRender()] "Waiting for root component to load - See https://remotion.dev/docs/troubleshooting/loading-root-component if you experience a timeout" handle was cleared after 14ms
[Tab 0, delayRender()] "Waiting for root component to load - See https://remotion.dev/docs/troubleshooting/loading-root-component if you experience a timeout" handle was cleared after 13ms
[Tab 1, delayRender()] "Waiting for root component to load - See https://remotion.dev/docs/troubleshooting/loading-root-component if you experience a timeout" handle was cleared after 14ms
[Tab 3, delayRender()] "Waiting for root component to load - See https://remotion.dev/docs/troubleshooting/loading-root-component if you experience a timeout" handle was cleared after 14ms
[Tab 3, delayRender()] "Setting the current frame to 3" handle was cleared after 0ms
[Tab 1, delayRender()] "Setting the current frame to 1" handle was cleared after 0ms
[Tab 0, delayRender()] "Setting the current frame to 0" handle was cleared after 0ms
[Tab 2, delayRender()] "Setting the current frame to 2" handle was cleared after 0ms
Rendered 1/450, time remaining: 2m 58s
Rendered 2/450, time remaining: 1m 30s
Rendered 3/450, time remaining: 1m 1s
[Tab 1, delayRender()] "Setting the current frame to 5" handle was cleared after 1ms
[Tab 0, delayRender()] "Setting the current frame to 4" handle was cleared after 1ms
[Tab 2, delayRender()] "Setting the current frame to 6" handle was cleared after 2ms
Rendered 4/450, time remaining: 46s
[Tab 3, delayRender()] "Setting the current frame to 7" handle was cleared after 1ms
Rendered 5/450, time remaining: 41s
Rendered 6/450, time remaining: 35s
Rendered 7/450, time remaining: 30s
[Tab 0, delayRender()] "Setting the current frame to 8" handle was cleared after 0ms
[Tab 2, delayRender()] "Setting the current frame to 10" handle was cleared after 0ms
Rendered 8/450, time remaining: 26s
[Tab 3, delayRender()] "Setting the current frame to 9" handle was cleared after 1ms
[Tab 1, delayRender()] "Setting the current frame to 11" handle was cleared after 0ms
Rendered 9/450, time remaining: 26s
Rendered 10/450, time remaining: 23s
Rendered 11/450, time remaining: 21s
[Tab 2, delayRender()] "Setting the current frame to 14" handle was cleared after 1ms
[Tab 0, delayRender()] "Setting the current frame to 12" handle was cleared after 1ms
[Tab 1, delayRender()] "Setting the current frame to 13" handle was cleared after 0ms
Rendered 12/450, time remaining: 20s
[Tab 3, delayRender()] "Setting the current frame to 15" handle was cleared after 1ms
Rendered 13/450, time remaining: 20s
Rendered 14/450, time remaining: 18s
Rendered 15/450, time remaining: 17s
Rendered 16/450, time remaining: 16s
[Tab 0, delayRender()] "Setting the current frame to 17" handle was cleared after 1ms
[Tab 2, delayRender()] "Setting the current frame to 16" handle was cleared after 1ms
[Tab 1, delayRender()] "Setting the current frame to 18" handle was cleared after 0ms
[Tab 3, delayRender()] "Setting the current frame to 19" handle was cleared after 1ms
Rendered 17/450, time remaining: 16s
Rendered 18/450, time remaining: 16s
Rendered 19/450, time remaining: 15s
[Tab 2, delayRender()] "Setting the current frame to 21" handle was cleared after 6ms
[Tab 0, delayRender()] "Setting the current frame to 22" handle was cleared after 5ms
[Tab 1, delayRender()] "Setting the current frame to 20" handle was cleared after 7ms
Rendered 20/450, time remaining: 14s
[Tab 3, delayRender()] "Setting the current frame to 23" handle was cleared after 8ms
Rendered 21/450, time remaining: 14s
Rendered 22/450, time remaining: 14s
Rendered 23/450, time remaining: 13s
[Tab 0, delayRender()] "Setting the current frame to 24" handle was cleared after 1ms
[Tab 2, delayRender()] "Setting the current frame to 26" handle was cleared after 0ms
[Tab 1, delayRender()] "Setting the current frame to 25" handle was cleared after 0ms
Rendered 24/450, time remaining: 13s
[Tab 3, delayRender()] "Setting the current frame to 27" handle was cleared after 10ms
Rendered 25/450, time remaining: 13s
Rendered 26/450, time remaining: 13s
Rendered 27/450, time remaining: 12s
[Tab 1, delayRender()] "Setting the current frame to 30" handle was cleared after 2ms
[Tab 0, delayRender()] "Setting the current frame to 28" handle was cleared after 3ms
[Tab 2, delayRender()] "Setting the current frame to 29" handle was cleared after 3ms
Rendered 28/450, time remaining: 12s
[Tab 3, delayRender()] "Setting the current frame to 31" handle was cleared after 1ms
Rendered 29/450, time remaining: 12s
Rendered 30/450, time remaining: 12s
Rendered 31/450, time remaining: 11s
[Tab 2, delayRender()] "Setting the current frame to 32" handle was cleared after 7ms
[Tab 0, delayRender()] "Setting the current frame to 34" handle was cleared after 6ms
[Tab 1, delayRender()] "Setting the current frame to 33" handle was cleared after 7ms
Rendered 32/450, time remaining: 11s
[Tab 3, delayRender()] "Setting the current frame to 35" handle was cleared after 6ms
Rendered 33/450, time remaining: 11s
Rendered 34/450, time remaining: 11s
Rendered 35/450, time remaining: 11s
[Tab 0, delayRender()] "Setting the current frame to 36" handle was cleared after 7ms
[Tab 2, delayRender()] "Setting the current frame to 37" handle was cleared after 7ms
[Tab 1, delayRender()] "Setting the current frame to 38" handle was cleared after 6ms
Rendered 36/450, time remaining: 11s
[Tab 3, delayRender()] "Setting the current frame to 39" handle was cleared after 7ms
Rendered 37/450, time remaining: 11s
Rendered 38/450, time remaining: 10s
Rendered 39/450, time remaining: 10s
[Tab 1, delayRender()] "Setting the current frame to 42" handle was cleared after 1ms
[Tab 0, delayRender()] "Setting the current frame to 41" handle was cleared after 7ms
[Tab 2, delayRender()] "Setting the current frame to 40" handle was cleared after 7ms
Rendered 40/450, time remaining: 10s
[Tab 3, delayRender()] "Setting the current frame to 43" handle was cleared after 9ms
Rendered 41/450, time remaining: 10s
Rendered 42/450, time remaining: 10s
Rendered 43/450, time remaining: 10s
[Tab 0, delayRender()] "Setting the current frame to 44" handle was cleared after 7ms
[Tab 1, delayRender()] "Setting the current frame to 45" handle was cleared after 7ms
[Tab 2, delayRender()] "Setting the current frame to 46" handle was cleared after 6ms
Rendered 44/450, time remaining: 10s
[Tab 3, delayRender()] "Setting the current frame to 47" handle was cleared after 8ms
Rendered 45/450, time remaining: 10s
Rendered 46/450, time remaining: 10s
Rendered 47/450, time remaining: 9s
[Tab 2, delayRender()] "Setting the current frame to 48" handle was cleared after 0ms
Rendered 48/450, time remaining: 9s
[Tab 1, delayRender()] "Setting the current frame to 49" handle was cleared after 1ms
[Tab 0, delayRender()] "Setting the current frame to 50" handle was cleared after 1ms
[Tab 3, delayRender()] "Setting the current frame to 51" handle was cleared after 9ms
Rendered 49/450, time remaining: 9s
Rendered 50/450, time remaining: 9s
Rendered 51/450, time remaining: 9s
[Tab 1, delayRender()] "Setting the current frame to 52" handle was cleared after 1ms
Rendered 52/450, time remaining: 9s
[Tab 2, delayRender()] "Setting the current frame to 53" handle was cleared after 1ms
[Tab 0, delayRender()] "Setting the current frame to 54" handle was cleared after 1ms
[Tab 3, delayRender()] "Setting the current frame to 55" handle was cleared after 0ms
Rendered 53/450, time remaining: 9s
[Tab 1, delayRender()] "Setting the current frame to 56" handle was cleared after 0ms
Rendered 54/450, time remaining: 9s
Rendered 55/450, time remaining: 9s
[Tab 3, delayRender()] "Setting the current frame to 57" handle was cleared after 0ms
[Tab 2, delayRender()] "Setting the current frame to 58" handle was cleared after 1ms
Rendered 56/450, time remaining: 9s
Rendered 57/450, time remaining: 9s
[Tab 0, delayRender()] "Setting the current frame to 59" handle was cleared after 0ms
[Tab 1, delayRender()] "Setting the current frame to 60" handle was cleared after 11ms
Rendered 58/450, time remaining: 9s
Rendered 59/450, time remaining: 9s
[Tab 2, delayRender()] "Setting the current frame to 61" handle was cleared after 11ms
[Tab 3, delayRender()] "Setting the current frame to 62" handle was cleared after 7ms
Rendered 60/450, time remaining: 8s
[Tab 0, delayRender()] "Setting the current frame to 63" handle was cleared after 5ms
Rendered 61/450, time remaining: 8s
[Tab 1, delayRender()] "Setting the current frame to 64" handle was cleared after 11ms
Rendered 62/450, time remaining: 8s
Rendered 63/450, time remaining: 8s
Rendered 64/450, time remaining: 8s
[Tab 0, delayRender()] "Setting the current frame to 67" handle was cleared after 1ms
[Tab 2, delayRender()] "Setting the current frame to 66" handle was cleared after 12ms
[Tab 3, delayRender()] "Setting the current frame to 65" handle was cleared after 14ms
Rendered 65/450, time remaining: 8s
[Tab 1, delayRender()] "Setting the current frame to 68" handle was cleared after 0ms
Rendered 66/450, time remaining: 8s
Rendered 67/450, time remaining: 8s
Rendered 68/450, time remaining: 8s
[Tab 3, delayRender()] "Setting the current frame to 69" handle was cleared after 6ms
[Tab 0, delayRender()] "Setting the current frame to 71" handle was cleared after 5ms
[Tab 2, delayRender()] "Setting the current frame to 70" handle was cleared after 6ms
Rendered 69/450, time remaining: 8s
[Tab 1, delayRender()] "Setting the current frame to 72" handle was cleared after 9ms
Rendered 70/450, time remaining: 8s
Rendered 71/450, time remaining: 8s
Rendered 72/450, time remaining: 8s
[Tab 3, delayRender()] "Setting the current frame to 73" handle was cleared after 7ms
[Tab 2, delayRender()] "Setting the current frame to 74" handle was cleared after 7ms
[Tab 0, delayRender()] "Setting the current frame to 75" handle was cleared after 6ms
Rendered 73/450, time remaining: 8s
[Tab 1, delayRender()] "Setting the current frame to 76" handle was cleared after 9ms
Rendered 74/450, time remaining: 8s
Rendered 75/450, time remaining: 8s
Rendered 76/450, time remaining: 8s
[Tab 0, delayRender()] "Setting the current frame to 77" handle was cleared after 0ms
[Tab 2, delayRender()] "Setting the current frame to 78" handle was cleared after 0ms
[Tab 3, delayRender()] "Setting the current frame to 79" handle was cleared after 0ms
Rendered 77/450, time remaining: 7s
[Tab 1, delayRender()] "Setting the current frame to 80" handle was cleared after 8ms
Rendered 78/450, time remaining: 8s
Rendered 79/450, time remaining: 7s
Rendered 80/450, time remaining: 7s
[Tab 2, delayRender()] "Setting the current frame to 83" handle was cleared after 5ms
[Tab 0, delayRender()] "Setting the current frame to 81" handle was cleared after 6ms
[Tab 3, delayRender()] "Setting the current frame to 82" handle was cleared after 6ms
Rendered 81/450, time remaining: 7s
[Tab 1, delayRender()] "Setting the current frame to 84" handle was cleared after 5ms
Rendered 82/450, time remaining: 7s
Rendered 83/450, time remaining: 7s
Rendered 84/450, time remaining: 7s
[Tab 2, delayRender()] "Setting the current frame to 85" handle was cleared after 0ms
[Tab 0, delayRender()] "Setting the current frame to 86" handle was cleared after 1ms
Rendered 85/450, time remaining: 7s
[Tab 3, delayRender()] "Setting the current frame to 87" handle was cleared after 1ms
[Tab 1, delayRender()] "Setting the current frame to 88" handle was cleared after 10ms
Rendered 86/450, time remaining: 7s
Rendered 87/450, time remaining: 7s
Rendered 88/450, time remaining: 7s
[Tab 0, delayRender()] "Setting the current frame to 91" handle was cleared after 6ms
[Tab 3, delayRender()] "Setting the current frame to 90" handle was cleared after 7ms
[Tab 2, delayRender()] "Setting the current frame to 89" handle was cleared after 8ms
Rendered 89/450, time remaining: 7s
[Tab 1, delayRender()] "Setting the current frame to 92" handle was cleared after 7ms
Rendered 90/450, time remaining: 7s
Rendered 91/450, time remaining: 7s
Rendered 92/450, time remaining: 7s
[Tab 3, delayRender()] "Setting the current frame to 94" handle was cleared after 9ms
[Tab 2, delayRender()] "Setting the current frame to 95" handle was cleared after 8ms
[Tab 0, delayRender()] "Setting the current frame to 93" handle was cleared after 9ms
Rendered 93/450, time remaining: 7s
[Tab 1, delayRender()] "Setting the current frame to 96" handle was cleared after 7ms
Rendered 94/450, time remaining: 7s
Rendered 95/450, time remaining: 7s
Rendered 96/450, time remaining: 7s
Rendered 97/450, time remaining: 7s
[Tab 0, delayRender()] "Setting the current frame to 98" handle was cleared after 1ms
[Tab 3, delayRender()] "Setting the current frame to 97" handle was cleared after 1ms
[Tab 2, delayRender()] "Setting the current frame to 99" handle was cleared after 0ms
[Tab 1, delayRender()] "Setting the current frame to 100" handle was cleared after 7ms
Rendered 98/450, time remaining: 7s
Rendered 99/450, time remaining: 7s
Rendered 100/450, time remaining: 7s
Rendered 101/450, time remaining: 7s
[Tab 0, delayRender()] "Setting the current frame to 101" handle was cleared after 0ms
[Tab 3, delayRender()] "Setting the current frame to 102" handle was cleared after 0ms
[Tab 2, delayRender()] "Setting the current frame to 103" handle was cleared after 0ms
[Tab 1, delayRender()] "Setting the current frame to 104" handle was cleared after 7ms
Rendered 102/450, time remaining: 7s
Rendered 103/450, time remaining: 7s
Rendered 104/450, time remaining: 6s
[Tab 2, delayRender()] "Setting the current frame to 107" handle was cleared after 7ms
[Tab 3, delayRender()] "Setting the current frame to 106" handle was cleared after 8ms
[Tab 0, delayRender()] "Setting the current frame to 105" handle was cleared after 8ms
Rendered 105/450, time remaining: 6s
[Tab 1, delayRender()] "Setting the current frame to 108" handle was cleared after 8ms
Rendered 106/450, time remaining: 6s
Rendered 107/450, time remaining: 6s
Rendered 108/450, time remaining: 6s
[Tab 0, delayRender()] "Setting the current frame to 109" handle was cleared after 9ms
[Tab 2, delayRender()] "Setting the current frame to 111" handle was cleared after 7ms
[Tab 3, delayRender()] "Setting the current frame to 110" handle was cleared after 8ms
Rendered 109/450, time remaining: 6s
[Tab 1, delayRender()] "Setting the current frame to 112" handle was cleared after 8ms
Rendered 110/450, time remaining: 6s
Rendered 111/450, time remaining: 6s
Rendered 112/450, time remaining: 6s
[Tab 3, delayRender()] "Setting the current frame to 115" handle was cleared after 8ms
[Tab 2, delayRender()] "Setting the current frame to 114" handle was cleared after 9ms
[Tab 0, delayRender()] "Setting the current frame to 113" handle was cleared after 9ms
Rendered 113/450, time remaining: 6s
[Tab 1, delayRender()] "Setting the current frame to 116" handle was cleared after 7ms
Rendered 114/450, time remaining: 6s
Rendered 115/450, time remaining: 6s
Rendered 116/450, time remaining: 6s
[Tab 3, delayRender()] "Setting the current frame to 119" handle was cleared after 7ms
[Tab 0, delayRender()] "Setting the current frame to 118" handle was cleared after 8ms
[Tab 2, delayRender()] "Setting the current frame to 117" handle was cleared after 8ms
Rendered 117/450, time remaining: 6s
[Tab 1, delayRender()] "Setting the current frame to 120" handle was cleared after 7ms
Rendered 118/450, time remaining: 6s
Rendered 119/450, time remaining: 6s
Rendered 120/450, time remaining: 6s
[Tab 3, delayRender()] "Setting the current frame to 121" handle was cleared after 7ms
[Tab 0, delayRender()] "Setting the current frame to 122" handle was cleared after 7ms
[Tab 2, delayRender()] "Setting the current frame to 123" handle was cleared after 4ms
Rendered 121/450, time remaining: 6s
[Tab 1, delayRender()] "Setting the current frame to 124" handle was cleared after 8ms
Rendered 122/450, time remaining: 6s
Rendered 123/450, time remaining: 6s
Rendered 124/450, time remaining: 6s
[Tab 0, delayRender()] "Setting the current frame to 125" handle was cleared after 0ms
[Tab 2, delayRender()] "Setting the current frame to 126" handle was cleared after 1ms
[Tab 3, delayRender()] "Setting the current frame to 127" handle was cleared after 1ms
Rendered 125/450, time remaining: 6s
[Tab 1, delayRender()] "Setting the current frame to 128" handle was cleared after 4ms
Rendered 126/450, time remaining: 6s
Rendered 127/450, time remaining: 6s
Rendered 128/450, time remaining: 6s
[Tab 0, delayRender()] "Setting the current frame to 129" handle was cleared after 0ms
[Tab 3, delayRender()] "Setting the current frame to 130" handle was cleared after 0ms
[Tab 2, delayRender()] "Setting the current frame to 131" handle was cleared after 3ms
Rendered 129/450, time remaining: 6s
[Tab 1, delayRender()] "Setting the current frame to 132" handle was cleared after 0ms
Rendered 130/450, time remaining: 6s
Rendered 131/450, time remaining: 6s
Rendered 132/450, time remaining: 6s
[Tab 3, delayRender()] "Setting the current frame to 134" handle was cleared after 5ms
[Tab 0, delayRender()] "Setting the current frame to 133" handle was cleared after 5ms
[Tab 2, delayRender()] "Setting the current frame to 135" handle was cleared after 3ms
Rendered 133/450, time remaining: 6s
[Tab 1, delayRender()] "Setting the current frame to 136" handle was cleared after 0ms
Rendered 134/450, time remaining: 6s
Rendered 135/450, time remaining: 6s
Rendered 136/450, time remaining: 6s
[Tab 2, delayRender()] "Setting the current frame to 139" handle was cleared after 5ms
[Tab 3, delayRender()] "Setting the current frame to 138" handle was cleared after 7ms
[Tab 0, delayRender()] "Setting the current frame to 137" handle was cleared after 7ms
Rendered 137/450, time remaining: 6s
[Tab 1, delayRender()] "Setting the current frame to 140" handle was cleared after 0ms
Rendered 138/450, time remaining: 6s
Rendered 139/450, time remaining: 6s
Rendered 140/450, time remaining: 5s
[Tab 3, delayRender()] "Setting the current frame to 142" handle was cleared after 0ms
[Tab 2, delayRender()] "Setting the current frame to 143" handle was cleared after 0ms
[Tab 0, delayRender()] "Setting the current frame to 141" handle was cleared after 5ms
Rendered 141/450, time remaining: 5s
[Tab 1, delayRender()] "Setting the current frame to 144" handle was cleared after 0ms
Rendered 142/450, time remaining: 5s
Rendered 143/450, time remaining: 5s
Rendered 144/450, time remaining: 5s
[Tab 0, delayRender()] "Setting the current frame to 147" handle was cleared after 0ms
[Tab 3, delayRender()] "Setting the current frame to 145" handle was cleared after 12ms
[Tab 2, delayRender()] "Setting the current frame to 146" handle was cleared after 11ms
Rendered 145/450, time remaining: 5s
[Tab 1, delayRender()] "Setting the current frame to 148" handle was cleared after 10ms
Rendered 146/450, time remaining: 5s
Rendered 147/450, time remaining: 5s
Rendered 148/450, time remaining: 5s
[Tab 3, delayRender()] "Setting the current frame to 149" handle was cleared after 8ms
[Tab 0, delayRender()] "Setting the current frame to 150" handle was cleared after 8ms
[Tab 2, delayRender()] "Setting the current frame to 151" handle was cleared after 7ms
Rendered 149/450, time remaining: 5s
[Tab 1, delayRender()] "Setting the current frame to 152" handle was cleared after 0ms
Rendered 150/450, time remaining: 5s
Rendered 151/450, time remaining: 4s
Rendered 152/450, time remaining: 4s
[Tab 3, delayRender()] "Setting the current frame to 155" handle was cleared after 1ms
[Tab 0, delayRender()] "Setting the current frame to 153" handle was cleared after 10ms
[Tab 2, delayRender()] "Setting the current frame to 154" handle was cleared after 10ms
Rendered 153/450, time remaining: 4s
[Tab 1, delayRender()] "Setting the current frame to 156" handle was cleared after 0ms
Rendered 154/450, time remaining: 4s
[Tab 3, delayRender()] "Setting the current frame to 157" handle was cleared after 0ms
Rendered 155/450, time remaining: 4s
Rendered 156/450, time remaining: 4s
Rendered 157/450, time remaining: 4s
[Tab 1, delayRender()] "Setting the current frame to 160" handle was cleared after 0ms
[Tab 0, delayRender()] "Setting the current frame to 158" handle was cleared after 13ms
[Tab 2, delayRender()] "Setting the current frame to 159" handle was cleared after 12ms
Rendered 158/450, time remaining: 4s
[Tab 3, delayRender()] "Setting the current frame to 161" handle was cleared after 1ms
Rendered 159/450, time remaining: 4s
Rendered 160/450, time remaining: 4s
Rendered 161/450, time remaining: 4s
[Tab 1, delayRender()] "Setting the current frame to 163" handle was cleared after 9ms
[Tab 2, delayRender()] "Setting the current frame to 164" handle was cleared after 8ms
[Tab 0, delayRender()] "Setting the current frame to 162" handle was cleared after 10ms
Rendered 162/450, time remaining: 4s
[Tab 3, delayRender()] "Setting the current frame to 165" handle was cleared after 10ms
Rendered 163/450, time remaining: 4s
Rendered 164/450, time remaining: 4s
Rendered 165/450, time remaining: 4s
[Tab 2, delayRender()] "Setting the current frame to 168" handle was cleared after 2ms
[Tab 0, delayRender()] "Setting the current frame to 166" handle was cleared after 10ms
[Tab 1, delayRender()] "Setting the current frame to 167" handle was cleared after 10ms
Rendered 166/450, time remaining: 4s
[Tab 3, delayRender()] "Setting the current frame to 169" handle was cleared after 8ms
Rendered 167/450, time remaining: 4s
[Tab 2, delayRender()] "Setting the current frame to 170" handle was cleared after 0ms
Rendered 168/450, time remaining: 4s
Rendered 169/450, time remaining: 4s
Rendered 170/450, time remaining: 4s
[Tab 3, delayRender()] "Setting the current frame to 173" handle was cleared after 0ms
[Tab 1, delayRender()] "Setting the current frame to 172" handle was cleared after 12ms
[Tab 0, delayRender()] "Setting the current frame to 171" handle was cleared after 13ms
Rendered 171/450, time remaining: 4s
[Tab 2, delayRender()] "Setting the current frame to 174" handle was cleared after 0ms
Rendered 172/450, time remaining: 4s
Rendered 173/450, time remaining: 4s
[Tab 0, delayRender()] "Setting the current frame to 175" handle was cleared after 3ms
Rendered 174/450, time remaining: 4s
[Tab 1, delayRender()] "Setting the current frame to 176" handle was cleared after 10ms
Rendered 175/450, time remaining: 4s
[Tab 3, delayRender()] "Setting the current frame to 178" handle was cleared after 8ms
[Tab 2, delayRender()] "Setting the current frame to 177" handle was cleared after 10ms
Rendered 176/450, time remaining: 4s
[Tab 0, delayRender()] "Setting the current frame to 179" handle was cleared after 0ms
Rendered 177/450, time remaining: 4s
[Tab 1, delayRender()] "Setting the current frame to 180" handle was cleared after 0ms
Rendered 178/450, time remaining: 4s
Rendered 179/450, time remaining: 4s
Rendered 180/450, time remaining: 4s
[Tab 0, delayRender()] "Setting the current frame to 183" handle was cleared after 0ms
[Tab 3, delayRender()] "Setting the current frame to 181" handle was cleared after 12ms
[Tab 2, delayRender()] "Setting the current frame to 182" handle was cleared after 11ms
Rendered 181/450, time remaining: 4s
[Tab 1, delayRender()] "Setting the current frame to 184" handle was cleared after 0ms
Rendered 182/450, time remaining: 4s
Rendered 183/450, time remaining: 4s
[Tab 3, delayRender()] "Setting the current frame to 185" handle was cleared after 3ms
[Tab 2, delayRender()] "Setting the current frame to 186" handle was cleared after 10ms
Rendered 184/450, time remaining: 4s
Rendered 185/450, time remaining: 4s
[Tab 1, delayRender()] "Setting the current frame to 188" handle was cleared after 0ms
[Tab 0, delayRender()] "Setting the current frame to 187" handle was cleared after 11ms
Rendered 186/450, time remaining: 4s
[Tab 3, delayRender()] "Setting the current frame to 189" handle was cleared after 0ms
Rendered 187/450, time remaining: 4s
[Tab 2, delayRender()] "Setting the current frame to 190" handle was cleared after 0ms
Rendered 188/450, time remaining: 4s
Rendered 189/450, time remaining: 4s
[Tab 1, delayRender()] "Setting the current frame to 192" handle was cleared after 0ms
[Tab 0, delayRender()] "Setting the current frame to 191" handle was cleared after 13ms
Rendered 190/450, time remaining: 4s
[Tab 3, delayRender()] "Setting the current frame to 193" handle was cleared after 0ms
Rendered 191/450, time remaining: 4s
Rendered 192/450, time remaining: 4s
Rendered 193/450, time remaining: 4s
[Tab 0, delayRender()] "Setting the current frame to 196" handle was cleared after 1ms
[Tab 1, delayRender()] "Setting the current frame to 194" handle was cleared after 13ms
[Tab 2, delayRender()] "Setting the current frame to 195" handle was cleared after 11ms
Rendered 194/450, time remaining: 4s
[Tab 3, delayRender()] "Setting the current frame to 197" handle was cleared after 0ms
Rendered 195/450, time remaining: 4s
Rendered 196/450, time remaining: 4s
Rendered 197/450, time remaining: 4s
[Tab 0, delayRender()] "Setting the current frame to 198" handle was cleared after 9ms
[Tab 1, delayRender()] "Setting the current frame to 199" handle was cleared after 9ms
[Tab 2, delayRender()] "Setting the current frame to 200" handle was cleared after 8ms
Rendered 198/450, time remaining: 4s
[Tab 3, delayRender()] "Setting the current frame to 201" handle was cleared after 0ms
Rendered 199/450, time remaining: 4s
Rendered 200/450, time remaining: 4s
Rendered 201/450, time remaining: 4s
[Tab 0, delayRender()] "Setting the current frame to 202" handle was cleared after 7ms
[Tab 2, delayRender()] "Setting the current frame to 204" handle was cleared after 6ms
[Tab 1, delayRender()] "Setting the current frame to 203" handle was cleared after 7ms
Rendered 202/450, time remaining: 3s
[Tab 3, delayRender()] "Setting the current frame to 205" handle was cleared after 1ms
Rendered 203/450, time remaining: 3s
Rendered 204/450, time remaining: 3s
Rendered 205/450, time remaining: 3s
Rendered 206/450, time remaining: 3s
[Tab 0, delayRender()] "Setting the current frame to 206" handle was cleared after 0ms
[Tab 1, delayRender()] "Setting the current frame to 207" handle was cleared after 1ms
[Tab 2, delayRender()] "Setting the current frame to 208" handle was cleared after 0ms
[Tab 3, delayRender()] "Setting the current frame to 209" handle was cleared after 9ms
Rendered 207/450, time remaining: 3s
Rendered 208/450, time remaining: 3s
Rendered 209/450, time remaining: 3s
[Tab 1, delayRender()] "Setting the current frame to 212" handle was cleared after 0ms
[Tab 0, delayRender()] "Setting the current frame to 210" handle was cleared after 0ms
[Tab 2, delayRender()] "Setting the current frame to 211" handle was cleared after 0ms
Rendered 210/450, time remaining: 3s
[Tab 3, delayRender()] "Setting the current frame to 213" handle was cleared after 5ms
Rendered 211/450, time remaining: 3s
Rendered 212/450, time remaining: 3s
Rendered 213/450, time remaining: 3s
[Tab 0, delayRender()] "Setting the current frame to 214" handle was cleared after 1ms
[Tab 1, delayRender()] "Setting the current frame to 215" handle was cleared after 1ms
[Tab 2, delayRender()] "Setting the current frame to 216" handle was cleared after 1ms
Rendered 214/450, time remaining: 3s
[Tab 3, delayRender()] "Setting the current frame to 217" handle was cleared after 4ms
Rendered 215/450, time remaining: 3s
Rendered 216/450, time remaining: 3s
Rendered 217/450, time remaining: 3s
[Tab 1, delayRender()] "Setting the current frame to 219" handle was cleared after 0ms
[Tab 2, delayRender()] "Setting the current frame to 218" handle was cleared after 0ms
[Tab 0, delayRender()] "Setting the current frame to 220" handle was cleared after 0ms
Rendered 218/450, time remaining: 3s
[Tab 3, delayRender()] "Setting the current frame to 221" handle was cleared after 1ms
Rendered 219/450, time remaining: 3s
[Tab 1, delayRender()] "Setting the current frame to 222" handle was cleared after 2ms
Rendered 220/450, time remaining: 3s
[Tab 3, delayRender()] "Setting the current frame to 223" handle was cleared after 0ms
Rendered 221/450, time remaining: 3s
Rendered 222/450, time remaining: 3s
[Tab 2, delayRender()] "Setting the current frame to 225" handle was cleared after 1ms
[Tab 0, delayRender()] "Setting the current frame to 224" handle was cleared after 1ms
Rendered 223/450, time remaining: 3s
[Tab 1, delayRender()] "Setting the current frame to 226" handle was cleared after 1ms
Rendered 224/450, time remaining: 3s
Rendered 225/450, time remaining: 3s
Rendered 226/450, time remaining: 3s
[Tab 2, delayRender()] "Setting the current frame to 228" handle was cleared after 4ms
[Tab 0, delayRender()] "Setting the current frame to 227" handle was cleared after 4ms
[Tab 3, delayRender()] "Setting the current frame to 229" handle was cleared after 2ms
Rendered 227/450, time remaining: 3s
[Tab 1, delayRender()] "Setting the current frame to 230" handle was cleared after 1ms
Rendered 228/450, time remaining: 3s
Rendered 229/450, time remaining: 3s
Rendered 230/450, time remaining: 3s
[Tab 3, delayRender()] "Setting the current frame to 231" handle was cleared after 0ms
[Tab 2, delayRender()] "Setting the current frame to 232" handle was cleared after 0ms
Rendered 231/450, time remaining: 3s
[Tab 0, delayRender()] "Setting the current frame to 233" handle was cleared after 0ms
[Tab 1, delayRender()] "Setting the current frame to 234" handle was cleared after 4ms
Rendered 232/450, time remaining: 3s
Rendered 233/450, time remaining: 3s
Rendered 234/450, time remaining: 3s
[Tab 3, delayRender()] "Setting the current frame to 235" handle was cleared after 1ms
[Tab 2, delayRender()] "Setting the current frame to 236" handle was cleared after 1ms
[Tab 0, delayRender()] "Setting the current frame to 237" handle was cleared after 1ms
Rendered 235/450, time remaining: 3s
[Tab 1, delayRender()] "Setting the current frame to 238" handle was cleared after 4ms
Rendered 236/450, time remaining: 3s
Rendered 237/450, time remaining: 3s
Rendered 238/450, time remaining: 3s
Rendered 239/450, time remaining: 3s
[Tab 3, delayRender()] "Setting the current frame to 239" handle was cleared after 1ms
[Tab 0, delayRender()] "Setting the current frame to 241" handle was cleared after 0ms
[Tab 2, delayRender()] "Setting the current frame to 240" handle was cleared after 0ms
[Tab 1, delayRender()] "Setting the current frame to 242" handle was cleared after 11ms
Rendered 240/450, time remaining: 3s
Rendered 241/450, time remaining: 3s
Rendered 242/450, time remaining: 3s
[Tab 3, delayRender()] "Setting the current frame to 243" handle was cleared after 7ms
[Tab 2, delayRender()] "Setting the current frame to 245" handle was cleared after 5ms
[Tab 0, delayRender()] "Setting the current frame to 244" handle was cleared after 9ms
Rendered 243/450, time remaining: 3s
[Tab 1, delayRender()] "Setting the current frame to 246" handle was cleared after 1ms
Rendered 244/450, time remaining: 3s
Rendered 245/450, time remaining: 3s
Rendered 246/450, time remaining: 3s
[Tab 0, delayRender()] "Setting the current frame to 247" handle was cleared after 13ms
[Tab 2, delayRender()] "Setting the current frame to 248" handle was cleared after 13ms
Rendered 247/450, time remaining: 3s
[Tab 1, delayRender()] "Setting the current frame to 250" handle was cleared after 11ms
[Tab 3, delayRender()] "Setting the current frame to 249" handle was cleared after 12ms
Rendered 248/450, time remaining: 3s
Rendered 249/450, time remaining: 3s
Rendered 250/450, time remaining: 3s
[Tab 0, delayRender()] "Setting the current frame to 252" handle was cleared after 14ms
[Tab 2, delayRender()] "Setting the current frame to 251" handle was cleared after 15ms
Rendered 251/450, time remaining: 3s
[Tab 3, delayRender()] "Setting the current frame to 253" handle was cleared after 11ms
[Tab 1, delayRender()] "Setting the current frame to 254" handle was cleared after 9ms
Rendered 252/450, time remaining: 3s
Rendered 253/450, time remaining: 3s
Rendered 254/450, time remaining: 3s
[Tab 2, delayRender()] "Setting the current frame to 256" handle was cleared after 14ms
[Tab 0, delayRender()] "Setting the current frame to 255" handle was cleared after 15ms
Rendered 255/450, time remaining: 3s
[Tab 3, delayRender()] "Setting the current frame to 257" handle was cleared after 12ms
[Tab 1, delayRender()] "Setting the current frame to 258" handle was cleared after 11ms
Rendered 256/450, time remaining: 3s
Rendered 257/450, time remaining: 3s
[Tab 2, delayRender()] "Setting the current frame to 260" handle was cleared after 3ms
Rendered 258/450, time remaining: 3s
[Tab 0, delayRender()] "Setting the current frame to 259" handle was cleared after 16ms
Rendered 259/450, time remaining: 3s
[Tab 3, delayRender()] "Setting the current frame to 261" handle was cleared after 16ms
[Tab 1, delayRender()] "Setting the current frame to 262" handle was cleared after 12ms
Rendered 260/450, time remaining: 3s
[Tab 2, delayRender()] "Setting the current frame to 263" handle was cleared after 0ms
Rendered 261/450, time remaining: 3s
[Tab 0, delayRender()] "Setting the current frame to 264" handle was cleared after 0ms
Rendered 262/450, time remaining: 3s
[Tab 3, delayRender()] "Setting the current frame to 265" handle was cleared after 0ms
Rendered 263/450, time remaining: 3s
Rendered 264/450, time remaining: 3s
[Tab 2, delayRender()] "Setting the current frame to 267" handle was cleared after 0ms
[Tab 1, delayRender()] "Setting the current frame to 266" handle was cleared after 13ms
Rendered 265/450, time remaining: 3s
[Tab 0, delayRender()] "Setting the current frame to 268" handle was cleared after 0ms
Rendered 266/450, time remaining: 3s
Rendered 267/450, time remaining: 3s
[Tab 3, delayRender()] "Setting the current frame to 270" handle was cleared after 2ms
Rendered 268/450, time remaining: 3s
[Tab 1, delayRender()] "Setting the current frame to 269" handle was cleared after 14ms
Rendered 269/450, time remaining: 3s
[Tab 0, delayRender()] "Setting the current frame to 271" handle was cleared after 1ms
[Tab 2, delayRender()] "Setting the current frame to 272" handle was cleared after 11ms
Rendered 270/450, time remaining: 3s
[Tab 3, delayRender()] "Setting the current frame to 273" handle was cleared after 0ms
Rendered 271/450, time remaining: 3s
Rendered 272/450, time remaining: 3s
Rendered 273/450, time remaining: 3s
[Tab 2, delayRender()] "Setting the current frame to 276" handle was cleared after 0ms
[Tab 0, delayRender()] "Setting the current frame to 274" handle was cleared after 14ms
[Tab 1, delayRender()] "Setting the current frame to 275" handle was cleared after 13ms
Rendered 274/450, time remaining: 3s
[Tab 3, delayRender()] "Setting the current frame to 277" handle was cleared after 2ms
Rendered 275/450, time remaining: 3s
Rendered 276/450, time remaining: 2s
Rendered 277/450, time remaining: 2s
[Tab 2, delayRender()] "Setting the current frame to 278" handle was cleared after 4ms
[Tab 1, delayRender()] "Setting the current frame to 280" handle was cleared after 9ms
[Tab 0, delayRender()] "Setting the current frame to 279" handle was cleared after 9ms
Rendered 278/450, time remaining: 2s
[Tab 3, delayRender()] "Setting the current frame to 281" handle was cleared after 13ms
Rendered 279/450, time remaining: 2s
[Tab 2, delayRender()] "Setting the current frame to 282" handle was cleared after 0ms
Rendered 280/450, time remaining: 2s
Rendered 281/450, time remaining: 2s
Rendered 282/450, time remaining: 2s
[Tab 3, delayRender()] "Setting the current frame to 285" handle was cleared after 0ms
[Tab 0, delayRender()] "Setting the current frame to 284" handle was cleared after 13ms
[Tab 1, delayRender()] "Setting the current frame to 283" handle was cleared after 16ms
Rendered 283/450, time remaining: 2s
[Tab 2, delayRender()] "Setting the current frame to 286" handle was cleared after 2ms
Rendered 284/450, time remaining: 2s
Rendered 285/450, time remaining: 2s
Rendered 286/450, time remaining: 2s
[Tab 3, delayRender()] "Setting the current frame to 287" handle was cleared after 3ms
[Tab 0, delayRender()] "Setting the current frame to 288" handle was cleared after 10ms
[Tab 1, delayRender()] "Setting the current frame to 289" handle was cleared after 9ms
Rendered 287/450, time remaining: 2s
[Tab 2, delayRender()] "Setting the current frame to 290" handle was cleared after 11ms
Rendered 288/450, time remaining: 2s
[Tab 3, delayRender()] "Setting the current frame to 291" handle was cleared after 0ms
Rendered 289/450, time remaining: 2s
Rendered 290/450, time remaining: 2s
Rendered 291/450, time remaining: 2s
[Tab 2, delayRender()] "Setting the current frame to 294" handle was cleared after 0ms
[Tab 1, delayRender()] "Setting the current frame to 292" handle was cleared after 13ms
[Tab 0, delayRender()] "Setting the current frame to 293" handle was cleared after 12ms
Rendered 292/450, time remaining: 2s
[Tab 3, delayRender()] "Setting the current frame to 295" handle was cleared after 2ms
Rendered 293/450, time remaining: 2s
Rendered 294/450, time remaining: 2s
Rendered 295/450, time remaining: 2s
[Tab 0, delayRender()] "Setting the current frame to 296" handle was cleared after 10ms
[Tab 2, delayRender()] "Setting the current frame to 298" handle was cleared after 9ms
[Tab 1, delayRender()] "Setting the current frame to 297" handle was cleared after 10ms
Rendered 296/450, time remaining: 2s
[Tab 3, delayRender()] "Setting the current frame to 299" handle was cleared after 11ms
Rendered 297/450, time remaining: 2s
Rendered 298/450, time remaining: 2s
Rendered 299/450, time remaining: 2s
[Tab 2, delayRender()] "Setting the current frame to 300" handle was cleared after 3ms
[Tab 0, delayRender()] "Setting the current frame to 302" handle was cleared after 9ms
[Tab 1, delayRender()] "Setting the current frame to 301" handle was cleared after 10ms
Rendered 300/450, time remaining: 2s
[Tab 3, delayRender()] "Setting the current frame to 303" handle was cleared after 12ms
Rendered 301/450, time remaining: 2s
[Tab 2, delayRender()] "Setting the current frame to 304" handle was cleared after 0ms
Rendered 302/450, time remaining: 2s
Rendered 303/450, time remaining: 2s
Rendered 304/450, time remaining: 2s
[Tab 3, delayRender()] "Setting the current frame to 307" handle was cleared after 0ms
[Tab 0, delayRender()] "Setting the current frame to 306" handle was cleared after 12ms
[Tab 1, delayRender()] "Setting the current frame to 305" handle was cleared after 16ms
Rendered 305/450, time remaining: 2s
[Tab 2, delayRender()] "Setting the current frame to 308" handle was cleared after 2ms
Rendered 306/450, time remaining: 2s
Rendered 307/450, time remaining: 2s
Rendered 308/450, time remaining: 2s
[Tab 3, delayRender()] "Setting the current frame to 311" handle was cleared after 2ms
Rendered 309/450, time remaining: 2s
[Tab 2, delayRender()] "Setting the current frame to 312" handle was cleared after 0ms
[Tab 0, delayRender()] "Setting the current frame to 309" handle was cleared after 11ms
[Tab 1, delayRender()] "Setting the current frame to 310" handle was cleared after 11ms
Rendered 310/450, time remaining: 2s
[Tab 3, delayRender()] "Setting the current frame to 313" handle was cleared after 0ms
Rendered 311/450, time remaining: 2s
Rendered 312/450, time remaining: 2s
Rendered 313/450, time remaining: 2s
[Tab 0, delayRender()] "Setting the current frame to 316" handle was cleared after 8ms
[Tab 2, delayRender()] "Setting the current frame to 314" handle was cleared after 8ms
[Tab 1, delayRender()] "Setting the current frame to 315" handle was cleared after 8ms
Rendered 314/450, time remaining: 2s
[Tab 3, delayRender()] "Setting the current frame to 317" handle was cleared after 3ms
Rendered 315/450, time remaining: 2s
Rendered 316/450, time remaining: 2s
Rendered 317/450, time remaining: 2s
[Tab 0, delayRender()] "Setting the current frame to 319" handle was cleared after 3ms
Rendered 318/450, time remaining: 2s
[Tab 3, delayRender()] "Setting the current frame to 321" handle was cleared after 0ms
[Tab 2, delayRender()] "Setting the current frame to 318" handle was cleared after 11ms
[Tab 1, delayRender()] "Setting the current frame to 320" handle was cleared after 10ms
Rendered 319/450, time remaining: 2s
[Tab 0, delayRender()] "Setting the current frame to 322" handle was cleared after 0ms
Rendered 320/450, time remaining: 2s
Rendered 321/450, time remaining: 2s
Rendered 322/450, time remaining: 2s
[Tab 3, delayRender()] "Setting the current frame to 323" handle was cleared after 8ms
[Tab 1, delayRender()] "Setting the current frame to 325" handle was cleared after 8ms
[Tab 2, delayRender()] "Setting the current frame to 324" handle was cleared after 8ms
Rendered 323/450, time remaining: 2s
[Tab 0, delayRender()] "Setting the current frame to 326" handle was cleared after 3ms
Rendered 324/450, time remaining: 2s
Rendered 325/450, time remaining: 2s
Rendered 326/450, time remaining: 2s
[Tab 3, delayRender()] "Setting the current frame to 329" handle was cleared after 2ms
Rendered 327/450, time remaining: 2s
[Tab 2, delayRender()] "Setting the current frame to 328" handle was cleared after 11ms
[Tab 1, delayRender()] "Setting the current frame to 327" handle was cleared after 11ms
[Tab 0, delayRender()] "Setting the current frame to 330" handle was cleared after 13ms
Rendered 328/450, time remaining: 2s
[Tab 3, delayRender()] "Setting the current frame to 331" handle was cleared after 0ms
Rendered 329/450, time remaining: 2s
Rendered 330/450, time remaining: 2s
Rendered 331/450, time remaining: 2s
[Tab 0, delayRender()] "Setting the current frame to 334" handle was cleared after 0ms
[Tab 2, delayRender()] "Setting the current frame to 333" handle was cleared after 13ms
[Tab 1, delayRender()] "Setting the current frame to 332" handle was cleared after 14ms
Rendered 332/450, time remaining: 1s
[Tab 3, delayRender()] "Setting the current frame to 335" handle was cleared after 2ms
Rendered 333/450, time remaining: 1s
Rendered 334/450, time remaining: 1s
Rendered 335/450, time remaining: 1s
[Tab 2, delayRender()] "Setting the current frame to 336" handle was cleared after 0ms
[Tab 0, delayRender()] "Setting the current frame to 337" handle was cleared after 0ms
[Tab 1, delayRender()] "Setting the current frame to 338" handle was cleared after 0ms
Rendered 336/450, time remaining: 1s
[Tab 3, delayRender()] "Setting the current frame to 339" handle was cleared after 11ms
Rendered 337/450, time remaining: 1s
Rendered 338/450, time remaining: 1s
Rendered 339/450, time remaining: 1s
Rendered 340/450, time remaining: 1s
[Tab 3, delayRender()] "Setting the current frame to 343" handle was cleared after 0ms
[Tab 1, delayRender()] "Setting the current frame to 342" handle was cleared after 10ms
[Tab 0, delayRender()] "Setting the current frame to 340" handle was cleared after 11ms
[Tab 2, delayRender()] "Setting the current frame to 341" handle was cleared after 11ms
Rendered 341/450, time remaining: 1s
Rendered 342/450, time remaining: 1s
Rendered 343/450, time remaining: 1s
Rendered 344/450, time remaining: 1s
[Tab 3, delayRender()] "Setting the current frame to 344" handle was cleared after 6ms
[Tab 1, delayRender()] "Setting the current frame to 347" handle was cleared after 5ms
[Tab 0, delayRender()] "Setting the current frame to 345" handle was cleared after 6ms
[Tab 2, delayRender()] "Setting the current frame to 346" handle was cleared after 6ms
Rendered 345/450, time remaining: 1s
Rendered 346/450, time remaining: 1s
Rendered 347/450, time remaining: 1s
Rendered 348/450, time remaining: 1s
[Tab 0, delayRender()] "Setting the current frame to 349" handle was cleared after 6ms
[Tab 1, delayRender()] "Setting the current frame to 350" handle was cleared after 5ms
[Tab 3, delayRender()] "Setting the current frame to 348" handle was cleared after 6ms
[Tab 2, delayRender()] "Setting the current frame to 351" handle was cleared after 4ms
Rendered 349/450, time remaining: 1s
Rendered 350/450, time remaining: 1s
Rendered 351/450, time remaining: 1s
Rendered 352/450, time remaining: 1s
[Tab 3, delayRender()] "Setting the current frame to 353" handle was cleared after 5ms
[Tab 2, delayRender()] "Setting the current frame to 355" handle was cleared after 4ms
[Tab 1, delayRender()] "Setting the current frame to 354" handle was cleared after 5ms
[Tab 0, delayRender()] "Setting the current frame to 352" handle was cleared after 5ms
Rendered 353/450, time remaining: 1s
Rendered 354/450, time remaining: 1s
[Tab 3, delayRender()] "Setting the current frame to 356" handle was cleared after 11ms
Rendered 355/450, time remaining: 1s
[Tab 2, delayRender()] "Setting the current frame to 357" handle was cleared after 0ms
[Tab 1, delayRender()] "Setting the current frame to 358" handle was cleared after 0ms
Rendered 356/450, time remaining: 1s
[Tab 0, delayRender()] "Setting the current frame to 359" handle was cleared after 1ms
Rendered 357/450, time remaining: 1s
Rendered 358/450, time remaining: 1s
Rendered 359/450, time remaining: 1s
[Tab 1, delayRender()] "Setting the current frame to 360" handle was cleared after 0ms
[Tab 3, delayRender()] "Setting the current frame to 361" handle was cleared after 0ms
Rendered 360/450, time remaining: 1s
[Tab 2, delayRender()] "Setting the current frame to 363" handle was cleared after 4ms
[Tab 0, delayRender()] "Setting the current frame to 362" handle was cleared after 12ms
Rendered 361/450, time remaining: 1s
Rendered 362/450, time remaining: 1s
Rendered 363/450, time remaining: 1s
[Tab 1, delayRender()] "Setting the current frame to 364" handle was cleared after 16ms
[Tab 3, delayRender()] "Setting the current frame to 365" handle was cleared after 15ms
Rendered 364/450, time remaining: 1s
[Tab 0, delayRender()] "Setting the current frame to 367" handle was cleared after 11ms
[Tab 2, delayRender()] "Setting the current frame to 366" handle was cleared after 13ms
Rendered 365/450, time remaining: 1s
Rendered 366/450, time remaining: 1s
Rendered 367/450, time remaining: 1s
[Tab 3, delayRender()] "Setting the current frame to 369" handle was cleared after 15ms
[Tab 1, delayRender()] "Setting the current frame to 368" handle was cleared after 16ms
Rendered 368/450, time remaining: 1s
[Tab 2, delayRender()] "Setting the current frame to 371" handle was cleared after 11ms
[Tab 0, delayRender()] "Setting the current frame to 370" handle was cleared after 13ms
Rendered 369/450, time remaining: 1s
Rendered 370/450, time remaining: 1s
Rendered 371/450, time remaining: 1s
[Tab 3, delayRender()] "Setting the current frame to 373" handle was cleared after 16ms
[Tab 1, delayRender()] "Setting the current frame to 372" handle was cleared after 16ms
Rendered 372/450, time remaining: 1s
[Tab 2, delayRender()] "Setting the current frame to 374" handle was cleared after 13ms
[Tab 0, delayRender()] "Setting the current frame to 375" handle was cleared after 11ms
Rendered 373/450, time remaining: 1s
Rendered 374/450, time remaining: 1s
[Tab 3, delayRender()] "Setting the current frame to 377" handle was cleared after 3ms
Rendered 375/450, time remaining: 1s
[Tab 1, delayRender()] "Setting the current frame to 376" handle was cleared after 17ms
Rendered 376/450, time remaining: 1s
[Tab 2, delayRender()] "Setting the current frame to 379" handle was cleared after 12ms
[Tab 0, delayRender()] "Setting the current frame to 378" handle was cleared after 15ms
Rendered 377/450, time remaining: 1s
[Tab 3, delayRender()] "Setting the current frame to 380" handle was cleared after 0ms
Rendered 378/450, time remaining: 1s
[Tab 1, delayRender()] "Setting the current frame to 381" handle was cleared after 0ms
Rendered 379/450, time remaining: 1s
Rendered 380/450, time remaining: 1s
Rendered 381/450, time remaining: 1s
[Tab 3, delayRender()] "Setting the current frame to 384" handle was cleared after 0ms
[Tab 2, delayRender()] "Setting the current frame to 382" handle was cleared after 14ms
[Tab 0, delayRender()] "Setting the current frame to 383" handle was cleared after 13ms
Rendered 382/450, time remaining: 1s
[Tab 1, delayRender()] "Setting the current frame to 385" handle was cleared after 2ms
Rendered 383/450, time remaining: 1s
Rendered 384/450, time remaining: 1s
Rendered 385/450, time remaining: 1s
[Tab 2, delayRender()] "Setting the current frame to 386" handle was cleared after 9ms
[Tab 0, delayRender()] "Setting the current frame to 387" handle was cleared after 9ms
[Tab 3, delayRender()] "Setting the current frame to 388" handle was cleared after 9ms
Rendered 386/450, time remaining: 0s
[Tab 1, delayRender()] "Setting the current frame to 389" handle was cleared after 10ms
Rendered 387/450, time remaining: 0s
Rendered 388/450, time remaining: 0s
Rendered 389/450, time remaining: 0s
[Tab 0, delayRender()] "Setting the current frame to 391" handle was cleared after 0ms
[Tab 2, delayRender()] "Setting the current frame to 390" handle was cleared after 0ms
[Tab 3, delayRender()] "Setting the current frame to 392" handle was cleared after 1ms
Rendered 390/450, time remaining: 0s
[Tab 1, delayRender()] "Setting the current frame to 393" handle was cleared after 8ms
Rendered 391/450, time remaining: 0s
Rendered 392/450, time remaining: 0s
Rendered 393/450, time remaining: 0s
Rendered 394/450, time remaining: 0s
[Tab 1, delayRender()] "Setting the current frame to 397" handle was cleared after 0ms
[Tab 0, delayRender()] "Setting the current frame to 395" handle was cleared after 2ms
[Tab 2, delayRender()] "Setting the current frame to 394" handle was cleared after 2ms
[Tab 3, delayRender()] "Setting the current frame to 396" handle was cleared after 2ms
Rendered 395/450, time remaining: 0s
Rendered 396/450, time remaining: 0s
Rendered 397/450, time remaining: 0s
Rendered 398/450, time remaining: 0s
[Tab 3, delayRender()] "Setting the current frame to 401" handle was cleared after 3ms
[Tab 1, delayRender()] "Setting the current frame to 400" handle was cleared after 4ms
[Tab 2, delayRender()] "Setting the current frame to 399" handle was cleared after 4ms
[Tab 0, delayRender()] "Setting the current frame to 398" handle was cleared after 4ms
Rendered 399/450, time remaining: 0s
Rendered 400/450, time remaining: 0s
Rendered 401/450, time remaining: 0s
Rendered 402/450, time remaining: 0s
[Tab 2, delayRender()] "Setting the current frame to 403" handle was cleared after 4ms
[Tab 1, delayRender()] "Setting the current frame to 402" handle was cleared after 4ms
[Tab 3, delayRender()] "Setting the current frame to 405" handle was cleared after 3ms
[Tab 0, delayRender()] "Setting the current frame to 404" handle was cleared after 4ms
Rendered 403/450, time remaining: 0s
Rendered 404/450, time remaining: 0s
Rendered 405/450, time remaining: 0s
Rendered 406/450, time remaining: 0s
[Tab 1, delayRender()] "Setting the current frame to 407" handle was cleared after 5ms
[Tab 2, delayRender()] "Setting the current frame to 409" handle was cleared after 4ms
[Tab 3, delayRender()] "Setting the current frame to 408" handle was cleared after 5ms
[Tab 0, delayRender()] "Setting the current frame to 406" handle was cleared after 5ms
Rendered 407/450, time remaining: 0s
Rendered 408/450, time remaining: 0s
Rendered 409/450, time remaining: 0s
Rendered 410/450, time remaining: 0s
[Tab 1, delayRender()] "Setting the current frame to 411" handle was cleared after 4ms
[Tab 0, delayRender()] "Setting the current frame to 410" handle was cleared after 4ms
[Tab 3, delayRender()] "Setting the current frame to 413" handle was cleared after 3ms
[Tab 2, delayRender()] "Setting the current frame to 412" handle was cleared after 4ms
Rendered 411/450, time remaining: 0s
Rendered 412/450, time remaining: 0s
Rendered 413/450, time remaining: 0s
Rendered 414/450, time remaining: 0s
[Tab 1, delayRender()] "Setting the current frame to 416" handle was cleared after 1ms
[Tab 3, delayRender()] "Setting the current frame to 417" handle was cleared after 4ms
[Tab 0, delayRender()] "Setting the current frame to 414" handle was cleared after 6ms
[Tab 2, delayRender()] "Setting the current frame to 415" handle was cleared after 6ms
Rendered 415/450, time remaining: 0s
[Tab 1, delayRender()] "Setting the current frame to 418" handle was cleared after 0ms
Rendered 416/450, time remaining: 0s
Rendered 417/450, time remaining: 0s
Rendered 418/450, time remaining: 0s
[Tab 3, delayRender()] "Setting the current frame to 419" handle was cleared after 9ms
[Tab 0, delayRender()] "Setting the current frame to 420" handle was cleared after 9ms
[Tab 2, delayRender()] "Setting the current frame to 421" handle was cleared after 8ms
Rendered 419/450, time remaining: 0s
[Tab 1, delayRender()] "Setting the current frame to 422" handle was cleared after 3ms
Rendered 420/450, time remaining: 0s
Rendered 421/450, time remaining: 0s
Rendered 422/450, time remaining: 0s
Rendered 423/450, time remaining: 0s
[Tab 2, delayRender()] "Setting the current frame to 425" handle was cleared after 10ms
[Tab 3, delayRender()] "Setting the current frame to 424" handle was cleared after 10ms
[Tab 0, delayRender()] "Setting the current frame to 423" handle was cleared after 10ms
[Tab 1, delayRender()] "Setting the current frame to 426" handle was cleared after 17ms
Rendered 424/450, time remaining: 0s
Rendered 425/450, time remaining: 0s
Rendered 426/450, time remaining: 0s
[Tab 3, delayRender()] "Setting the current frame to 429" handle was cleared after 2ms
Rendered 427/450, time remaining: 0s
[Tab 2, delayRender()] "Setting the current frame to 427" handle was cleared after 11ms
[Tab 0, delayRender()] "Setting the current frame to 428" handle was cleared after 11ms
[Tab 1, delayRender()] "Setting the current frame to 430" handle was cleared after 13ms
Rendered 428/450, time remaining: 0s
[Tab 3, delayRender()] "Setting the current frame to 431" handle was cleared after 0ms
Rendered 429/450, time remaining: 0s
Rendered 430/450, time remaining: 0s
Rendered 431/450, time remaining: 0s
[Tab 1, delayRender()] "Setting the current frame to 434" handle was cleared after 0ms
[Tab 2, delayRender()] "Setting the current frame to 433" handle was cleared after 13ms
[Tab 0, delayRender()] "Setting the current frame to 432" handle was cleared after 14ms
Rendered 432/450, time remaining: 0s
[Tab 3, delayRender()] "Setting the current frame to 435" handle was cleared after 2ms
Rendered 433/450, time remaining: 0s
Rendered 434/450, time remaining: 0s
Rendered 435/450, time remaining: 0s
[Tab 1, delayRender()] "Setting the current frame to 436" handle was cleared after 4ms
Rendered 436/450, time remaining: 0s
[Tab 2, delayRender()] "Setting the current frame to 437" handle was cleared after 11ms
[Tab 0, delayRender()] "Setting the current frame to 438" handle was cleared after 10ms
[Tab 3, delayRender()] "Setting the current frame to 439" handle was cleared after 13ms
Rendered 437/450, time remaining: 0s
[Tab 1, delayRender()] "Setting the current frame to 440" handle was cleared after 0ms
Rendered 438/450, time remaining: 0s
Rendered 439/450, time remaining: 0s
Rendered 440/450, time remaining: 0s
[Tab 3, delayRender()] "Setting the current frame to 443" handle was cleared after 0ms
[Tab 2, delayRender()] "Setting the current frame to 442" handle was cleared after 15ms
[Tab 0, delayRender()] "Setting the current frame to 441" handle was cleared after 16ms
Rendered 441/450, time remaining: 0s
[Tab 1, delayRender()] "Setting the current frame to 444" handle was cleared after 0ms
Rendered 442/450, time remaining: 0s
Rendered 443/450, time remaining: 0s
Rendered 444/450, time remaining: 0s
[Tab 3, delayRender()] "Setting the current frame to 445" handle was cleared after 3ms
[Tab 2, delayRender()] "Setting the current frame to 447" handle was cleared after 9ms
[Tab 0, delayRender()] "Setting the current frame to 446" handle was cleared after 10ms
Rendered 445/450, time remaining: 0s
[Tab 1, delayRender()] "Setting the current frame to 448" handle was cleared after 9ms
Rendered 446/450, time remaining: 0s
[Tab 3, delayRender()] "Setting the current frame to 449" handle was cleared after 1ms
Rendered 447/450, time remaining: 0s
Rendered 448/450, time remaining: 0s
Rendered 449/450, time remaining: 0s
Rendered 450/450
Rendering frames done in 7773ms
[stitchFramesToVideo()] audioCodec aac
[stitchFramesToVideo()] pixelFormat yuv420p
[stitchFramesToVideo()] codec h264
[stitchFramesToVideo()] shouldRenderAudio true
[stitchFramesToVideo()] shouldRenderVideo true
[audio] asset positions []
[compositor] Freed memory from compositor
[audio] Encoding progress: 80%
[audio] Encoding progress: 100%
[stitchFramesToVideo()] Encoder: libx264, hardware accelerated: false
[stitchFramesToVideo()] Generated final FFmpeg command:
[stitchFramesToVideo()] -r 30 -f image2 -s 1080x1920 -start_number 0 -i /var/folders/r5/gbjrdpg95k79_t30dgf9stk40000gn/T/react-motion-renderz7gZTv/element-%03d.jpeg -i /var/folders/r5/gbjrdpg95k79_t30dgf9stk40000gn/T/remotion-v4.0.410-assetsemyucrlp2u/remotion-audio-preprocessing/audio.aac -c:a copy -c:v libx264 -pix_fmt yuv420p -video_track_timescale 90000 -crf 18 -movflags faststart -map_metadata -1 -metadata comment=Made with Remotion 4.0.410 -y /Users/sashimi/Documents/moltbot-main/stitch-site/public/animations/alize-explainer-portrait.mp4
Encoded 90/450
Encoded 223/450
Encoded 381/450
Encoded 450/450
Stitching done in 1750ms
○                    stitch-site/public/animations/alize-explainer-portrait.mp4 1.4 MB
Slowest frames:
  Frame 0 (398.000ms)
  Frame 4 (46.000ms)
  Frame 8 (45.000ms)
  Frame 2 (9.000ms)
  Frame 7 (8.000ms)
  Frame 5 (8.000ms)
  Frame 11 (8.000ms)
  Frame 3 (7.000ms)
  Frame 1 (5.000ms)
  Frame 6 (5.000ms)
Render performance:
  capture => 44ms (n = 450)
Cleaning up...
Cleanup job "Delete /var/folders/r5/gbjrdpg95k79_t30dgf9stk40000gn/T/remotion-webpack-bundle-KaK0WJ" done
Cleanup job "Cleanup bundle" done
Received SIGTERM signal. Killing browser process
Trying to kill browser process group -47339
Cleanup job "Closing browser instance" done
Cleanup job "Close server" done
Cleanup job "Delete /var/folders/r5/gbjrdpg95k79_t30dgf9stk40000gn/T/react-motion-renderz7gZTv" done
Cleanup done in 20ms
